Date,SharesOutstanding,Volatility,RSI,P/E Ratio,% Change Adj Close,% Change Open,% Change Volume,% Change Market Cap,% Change Volatility,% Change RSI,Log Open,Log Adjusted Close,Log Volume,Log Market Cap
2018-11-12 00:00:00-05:00,11898900.0,,,0.42813892364501954,,,,,,,1.4704629088177397,1.4542775448820846,11.346870880640147,27.638827397474554
2018-11-13 00:00:00-05:00,11898900.0,,,0.43512496948242185,0.016317240623500595,-0.012614569602317882,-0.19362455726092087,-0.19362455726092087,,,1.4577681000296077,1.4704630900083109,11.131665045558881,27.42362156239329
2018-11-14 00:00:00-05:00,11898900.0,,,0.4361228466033936,0.0022933115563530393,0.024390035202630278,0.1932650073206441,0.1932650073206441,,,1.4818654478778817,1.472753775939202,11.308358299228955,27.60031481606336
2018-11-15 00:00:00-05:00,11898900.0,,,0.44011492729187013,0.009153569274271023,-0.0136051758429373,-0.35950920245398776,-0.35950920245398776,,,1.4681668735271882,1.4818657052084687,10.86283777387073,27.154794290705137
2018-11-16 00:00:00-05:00,11898900.0,,,0.4456037521362305,0.012471344423908404,0.019539855888894175,0.1283524904214559,0.1283524904214559,,,1.4875182773598163,1.494259923002975,10.983596369639677,27.275552886474085
2018-11-19 00:00:00-05:00,11898900.0,,,0.44310879707336426,-0.00559904410792178,0.006764503902625618,-0.5331069609507639,-0.5331069609507639,,,1.494260004663154,1.4886451454920968,10.221941283654663,26.51389780048907
2018-11-20 00:00:00-05:00,11898900.0,0.0549215566227383,,0.43462586402893066,-0.019144131419781107,-0.012318075826888708,0.15272727272727282,0.15272727272727282,,,1.4818654324993277,1.4693153923251439,10.364071959865372,26.65602847669978
2018-11-21 00:00:00-05:00,11898900.0,0.053499855086078706,,0.4371208190917969,0.005740466155737423,-8.336751022852695e-08,-0.2271293375394322,-0.2271293375394322,-0.025886038635528963,,1.4818653491318141,1.4750394447899067,10.106428396532818,26.398384913367227
2018-11-23 00:00:00-05:00,11898900.0,0.036748912543603435,,0.4376199245452881,0.0011418020640796556,-0.006802439091783574,-0.5469387755102041,-0.5469387755102041,-0.31310257785789897,,1.4750396679895097,1.4761805954937786,9.314700387300425,25.606656904134834
2018-11-26 00:00:00-05:00,11898900.0,0.038835345567805005,,0.4406137943267822,0.006841255650333888,-0.001141765344965573,1.0,1.0,0.056775367753425954,,1.4738972503339214,1.482998555939956,10.558413520275876,26.850370037110284
2018-11-27 00:00:00-05:00,11898900.0,0.033948215333397314,,0.4391169548034668,-0.0033971690005812905,3.1033581637807117e-07,0.018181818181818077,0.018181818181818077,-0.1258423264413845,,1.4738975606696896,1.4795956034587434,10.576432025778553,26.868388542612962
2018-11-28 00:00:00-05:00,11898900.0,0.03233843793423333,,0.4475997924804688,0.01931794612849469,0.010285489945212944,0.04846938775510212,0.04846938775510212,-0.04741861636479994,,1.4841305148932025,1.4987293268223794,10.623763400484325,26.915719917318732
2018-11-29 00:00:00-05:00,11898900.0,0.02400505866897472,,0.447100830078125,-0.001114751192306751,0.003393736843662065,0.25790754257907533,0.25790754257907533,-0.2576926962955416,,1.4875185060079739,1.4976139538328197,10.85321306049652,27.14516957733093
2018-11-30 00:00:00-05:00,11898900.0,0.035685489783176046,65.97968409967021,0.4436079502105713,-0.0078122866981557015,0.007891917752983257,-0.19342359767891681,-0.19342359767891681,0.48658206902437917,,1.4953794454567928,1.4897709913531572,10.638256407786892,26.9302129246213
2018-12-03 00:00:00-05:00,11898900.0,0.049470367218401326,71.30462818391742,0.4525898456573486,0.020247372578678702,0.006711434191140286,1.0,1.0,0.38628802684177166,0.08070581356835893,1.5020684582374553,1.509816111381557,11.437123751553946,27.729080268388355
2018-12-04 00:00:00-05:00,11898900.0,0.05046689810507141,58.11962321570197,0.4446057796478272,-0.017640842113735955,-0.003333592839536159,-0.09061488673139162,-0.09061488673139162,0.020143996147645504,-0.18491092800045328,1.49872929659779,1.492017815115241,11.342137143989946,27.634093660824355
2018-12-06 00:00:00-05:00,11898900.0,0.06555156277533103,50.0,0.4361228466033936,-0.01907967334827032,-0.03790411986414566,0.07710557532621598,0.07710557532621598,0.29890215639672446,-0.13970536570010528,1.4600881308157723,1.472753775939202,11.416414564589385,27.708371081423792
2018-12-07 00:00:00-05:00,11898900.0,0.06323156284394324,50.375845310663344,0.4406137943267822,0.010297437427011502,0.01853989524420485,-0.2180616740088106,-0.2180616740088106,-0.035391985075005294,0.0075169062132669495,1.4784582573216691,1.482998555939956,11.170435156023453,27.46239167285786
2018-12-10 00:00:00-05:00,11898900.0,0.06511613522059936,38.88887782872091,0.42963595390319825,-0.024914881388035326,-0.001137465961694617,-0.3915492957746479,-0.3915492957746479,0.02980429854797806,-0.2280253048083527,1.4773201439545867,1.45776804528562,10.673595774232203,26.965552291066608
2018-12-11 00:00:00-05:00,11898900.0,0.07730450864712128,39.43657422268522,0.42813892364501954,-0.0034844156886274513,-0.017084363818479997,0.04629629629629628,0.04629629629629628,0.18717900540672971,0.014083625564526248,1.4600881586304433,1.4542775448820846,10.718852365820323,27.01080888265473
2018-12-12 00:00:00-05:00,11898900.0,0.07609864580930661,51.06383122921072,0.4361228466033936,0.01864797269634333,0.0057937368065439365,0.09292035398230092,0.09292035398230092,-0.015598868150358158,0.2948343570836107,1.4658651762903694,1.472753775939202,10.807705703176014,27.099662220010423
2018-12-13 00:00:00-05:00,11898900.0,0.05931252360605558,50.71427547573429,0.4381187915802002,0.0045765659661063385,0.005760191632155465,0.13765182186234814,0.13765182186234814,-0.2205837176828993,-0.006845466645606257,1.4716088414520927,1.4773199012700056,10.936672035881783,27.22862855271619
2018-12-14 00:00:00-05:00,11898900.0,0.03243014852708432,46.357579431930226,0.4321309566497803,-0.013667149288034586,-0.002290626952139996,0.6512455516014235,0.6512455516014235,-0.4532326976595997,-0.0859066998973228,1.4693155870008554,1.4635584967112634,11.438201918774292,27.7301584356087
2018-12-17 00:00:00-05:00,11898900.0,0.028206352952322978,43.24329385026134,0.4306340217590332,-0.003464076960263407,-0.0022961681862651018,0.09375,0.09375,-0.13024286864532253,-0.06717964181546177,1.4670167785780281,1.460088405944197,11.52781407746398,27.819770594298387
2018-12-18 00:00:00-05:00,11898900.0,0.02509195177130198,45.27020526651201,0.4321309566497803,0.003476118502278247,-0.004603083167427191,-0.46896551724137936,-0.46896551724137936,-0.11041488370670438,0.04687227164677288,1.4624030686000091,1.4635584967112634,10.89488575689709,27.186842273731497
2018-12-19 00:00:00-05:00,11898900.0,0.016904126957238908,36.49634221877485,0.4291370391845703,-0.006928264266048312,0.0034683691238626135,0.2133580705009277,0.2133580705009277,-0.32631279099729504,-0.19381098442307043,1.4658654368032842,1.456606120588932,11.08827753744529,27.380234054279697
2018-12-20 00:00:00-05:00,11898900.0,0.02425066126320719,34.72217982493973,0.4251450538635254,-0.009302355556701225,-0.01152082004166477,1.0,1.0,0.4346000432055588,-0.04861206044156485,1.4542777379523788,1.4472602279139297,11.864989796351278,28.156946313185685
2018-12-21 00:00:00-05:00,11898900.0,0.04377293301455049,35.21119367529347,0.4226500988006592,-0.0058684795699566195,-0.011654969623586364,-0.35724331926863573,-0.35724331926863573,0.8050201823140493,0.01408361608687092,1.4425543167833976,1.4413744611515387,11.42300075744224,27.71495727427665
2018-12-24 00:00:00-05:00,11898900.0,0.04489649248442142,27.55885960226027,0.4241469860076904,0.003541670074794556,0.0047168781829007855,-0.6356673960612691,-0.6356673960612691,0.025667904627214577,-0.21732674397808305,1.4472601053549599,1.4449098742818771,10.413312675968536,26.70526919280294
2018-12-26 00:00:00-05:00,11898900.0,0.04675952375965735,32.142698688436084,0.42464594841003417,0.0011763903052577351,-0.0058686731281897275,0.10510510510510507,0.10510510510510507,0.04149614306468097,0.16632905542288356,1.441374143891719,1.446085573182248,10.513253124157023,26.80520964099143
2018-12-27 00:00:00-05:00,11898900.0,0.040215822292691134,43.26931116830411,0.4291370391845703,0.010576082949458776,0.011806579964234842,1.0,1.0,-0.1399437150087468,0.3461629836287212,1.4531115699724377,1.456606120588932,11.515920973950028,27.807877490784435
2018-12-28 00:00:00-05:00,11898900.0,0.036513591467595155,44.21138900459836,0.4345043182373047,0.060277432826321364,0.0029027297897887827,-0.5453639082751744,-0.5453639082751744,-0.09205906068887781,0.02177242509430899,1.4560100949770487,1.515136723549262,10.727662995502477,27.019619512336885
2018-12-31 00:00:00-05:00,11898900.0,0.043683763664689505,57.38787063715143,0.43603787422180174,-0.041684096733365705,0.01549470765883032,1.0,1.0,0.1963699518152764,0.2980336499082308,1.4713859854398115,1.4725589210693786,11.591736645394517,27.883693162228926
2019-01-02 00:00:00-05:00,11898900.0,0.047133461143131605,47.302577090932516,0.42530312538146975,-0.024618845001687872,-0.00821588352320235,-0.4621072088724584,-0.4621072088724584,0.07896978623274076,-0.17573911410628218,1.463136165539538,1.4476319648959641,10.97164063371953,27.263597150553938
2019-01-03 00:00:00-05:00,11898900.0,0.046953260406053646,44.8244060198222,0.4309261322021484,0.013221174463825536,-0.020118404153688263,0.9140893470790379,0.9140893470790379,-0.0038232018762793807,-0.05238976866622691,1.442812630357638,1.46076650242525,11.620882606475321,27.912839123309727
2019-01-04 00:00:00-05:00,11898900.0,0.05850723173821878,44.31150410580181,0.4324596881866455,0.00355874445733928,0.035024210312490256,-0.5143626570915619,-0.5143626570915619,0.24607388778214623,-0.011442469840951652,1.477237448407662,1.4643189295349806,10.898589464834572,27.19054598166898
2019-01-07 00:00:00-05:00,11898900.0,0.051926952819235345,55.56682078014337,0.43757147789001466,0.011820268670135414,-0.00700121013352295,0.07578558225508325,0.07578558225508325,-0.11246949690639674,0.2540043923462276,1.4702116148057827,1.4760698844991593,10.97164063371953,27.263597150553938
2019-01-08 00:00:00-05:00,11898900.0,0.05324059855482429,56.71079180252441,0.4370602607727051,-0.0011683053926976328,0.005875408116970737,-0.1701030927835051,-0.1701030927835051,0.025297955382860948,0.020587303832034998,1.476069830023148,1.4749008961056957,10.785186839640664,27.077143356475073
2019-01-09 00:00:00-05:00,11898900.0,0.053682749090632954,62.36486615190403,0.44575037956237795,0.019883113542075614,0.0023364535735292957,0.4120082815734989,0.4120082815734989,0.008304762677552535,0.09970014823753415,1.478403558333169,1.4945889222688238,11.130199843831553,27.422156360665962
2019-01-10 00:00:00-05:00,11898900.0,0.06687348796714863,69.80322230179726,0.45239572525024413,0.014908222163243945,0.013985953430416753,-0.3240469208211144,-0.3240469208211144,0.24571653091472023,0.11927158044042607,1.4922926107734864,1.5093871091602575,10.73856822898474,27.030524745819147
2019-01-11 00:00:00-05:00,11898900.0,0.09053336463367898,72.19722769283744,0.4503509998321533,-0.004519771748417334,0.01839078516811843,-0.158351409978308,-0.158351409978308,0.3538005476572894,0.034296488214965226,1.510516330651228,1.5048570923616638,10.566175525611365,26.85813204244577
2019-01-14 00:00:00-05:00,11898900.0,0.06383651840580601,73.44066225561598,0.4488173484802246,-0.0034054578595369422,-0.013544162794999148,0.3556701030927836,0.3556701030927836,-0.29488406109609644,0.01722274666928647,1.496879608978137,1.5014458227322673,10.870471398725801,27.162427915560208
2019-01-15 00:00:00-05:00,11898900.0,0.07386673601391122,75.47801422467478,0.4549515724182129,0.01366752858096909,0.014874270728520544,0.102661596958175,0.102661596958175,0.1571235063971308,0.02774147054893983,1.5116443425957884,1.515020793052647,10.968198289528557,27.260154806362962
2019-01-16 00:00:00-05:00,11898900.0,0.0721626456315938,63.8428879604009,0.44421677589416503,-0.023595470759643633,0.004509619932807407,0.5793103448275863,0.5793103448275863,-0.023069793986788434,-0.1541525222118284,1.5161438246598236,1.4911424912925628,11.425186550662222,27.71714306749663
2019-01-17 00:00:00-05:00,11898900.0,0.06443822298024154,62.8251586651529,0.4467726230621338,0.005753603435674215,-0.030303128195859896,0.8864628820960698,0.8864628820960698,-0.10704184393109883,-0.015941153788018747,1.4853720650410842,1.4968796059682816,12.059890135352092,28.3518466521865
2019-01-18 00:00:00-05:00,11898900.0,0.05083758638483617,65.0349413143779,0.45648512840270994,0.02173925804586596,0.013888940521696647,-0.7783564814814815,-0.7783564814814815,-0.21106473714484164,0.03517353073476115,1.4991654380989277,1.5183859360851912,10.553205175168737,26.845161692003146
2019-01-22 00:00:00-05:00,11898900.0,0.04730008417642878,56.25008745131876,0.4462616443634033,-0.022396094424980917,0.003425044525728005,-0.20365535248041777,-0.20365535248041777,-0.06958438549046764,-0.13507898501196902,1.5025846305183304,1.495735240576868,10.325481962595504,26.61743847942991
2019-01-23 00:00:00-05:00,11898900.0,0.045530713852164326,65.24823774192802,0.447283935546875,0.002290788815000999,-0.004550834412284321,-0.23606557377049175,-0.23606557377049175,-0.03740733986148359,0.1599668675785908,1.498023409535434,1.498023409535434,10.056208639553791,26.3481651563882
2019-01-24 00:00:00-05:00,11898900.0,0.0447032488794932,63.97058067029596,0.4503509998321533,0.006857085715650246,0.005714202534165436,0.06437768240343344,0.06437768240343344,-0.018173775516849067,-0.019581480141816154,1.5037213479425624,1.5048570923616638,10.118598932153073,26.41055544898748
2019-01-25 00:00:00-05:00,11898900.0,0.04131850687863283,65.24823774192802,0.4544404983520508,0.00908069155263691,0.001136499158534976,0.5241935483870968,0.5241935483870968,-0.07571579439303477,0.019972572677073197,1.504857201774824,1.5138968023419408,10.54006438160768,26.832020898442085
2019-01-28 00:00:00-05:00,11898900.0,0.03409129013216447,64.23356322339963,0.4575075149536133,0.006748994890826143,0.004540189664833383,-0.14021164021164023,-0.14021164021164023,-0.17491476078013346,-0.015550987331514943,1.509387115868849,1.5206231247206938,10.388995368317829,26.680951885152236
2019-01-29 00:00:00-05:00,11898900.0,0.03297759856302587,62.857159990485286,0.45546278953552244,-0.004469271763324234,0.010169398349386016,-0.17846153846153845,-0.17846153846153845,-0.032667920891848334,-0.021428100261654648,1.5195051537964055,1.5161438359052277,10.19241884438834,26.48437536122275
2019-01-30 00:00:00-05:00,11898900.0,0.03401746004606412,63.88888349064885,0.4661975860595703,0.02356898690888687,-0.004474309086035855,1.0,1.0,0.03153235918773434,0.016413778483147068,1.5150208050311929,1.5394393626927605,10.933106969717286,27.225063486551694
2019-01-31 00:00:00-05:00,11898900.0,0.06787070652967812,62.31884449828038,0.4697758674621582,0.0076754610267988355,0.028089945771057945,-0.29107142857142854,-0.29107142857142854,0.9951726683230393,-0.024574525435215544,1.5427234641228675,1.5470855172335722,10.589106466675283,26.88106298350969
2019-02-01 00:00:00-05:00,11898900.0,0.07890851978068514,62.77375940561228,0.46824235916137696,-0.003264340309913405,0.0021858913637451405,-0.256926952141058,-0.256926952141058,0.1626300036552657,0.00729979689120297,1.5449069699018725,1.5438158373415207,10.292145542327912,26.58410205916232
2019-02-04 00:00:00-05:00,11898900.0,0.07973198107882185,61.87055863623583,0.46568636894226073,-0.005458690716692138,-0.00218123001189241,-0.4677966101694915,-0.4677966101694915,0.010435644977568881,-0.014388189873103308,1.5427233575428692,1.5383421935316253,9.6614159913364,25.95337250817081
2019-02-05 00:00:00-05:00,11898900.0,0.06974258315194498,56.48856266395509,0.4636416435241699,-0.004390777902164356,-0.00437158327341769,1.0,1.0,-0.12528721589146885,-0.08698799705242444,1.5383421909596036,1.5339417478544202,10.799575577092764,27.09153209392717
2019-02-06 00:00:00-05:00,11898900.0,0.06073032464454206,69.74799072200747,0.46824235916137696,0.009922999155633772,0.009879430189105198,-0.36122448979591837,-0.36122448979591837,-0.12922174803546238,0.23472765871086887,1.5481731386364928,1.5438158373415207,10.351373376528244,26.64332989336265
2019-02-07 00:00:00-05:00,11898900.0,0.05115481633644813,69.23087349025367,0.4697758674621582,0.0032750311260343334,-0.00543485197569904,0.3482428115015974,0.3482428115015974,-0.1576726020178536,-0.007414080698250669,1.5427234641228675,1.5470855172335722,10.650175500024103,26.942132016858512
2019-02-08 00:00:00-05:00,11898900.0,0.013798101492272865,55.85581194440765,0.4631304264068604,-0.014145982191886564,0.0010926549793854878,-0.17772511848341233,-0.17772511848341233,-0.730267793329137,-0.1931950424939961,1.5438155225892836,1.5328385269315075,10.45449496593495,26.74645148276936
2019-02-11 00:00:00-05:00,11898900.0,0.014672163951410874,70.40800009137747,0.4667088031768799,0.007726498986002417,-0.0032748192401481635,-0.1585014409221902,-0.1585014409221902,0.06334657413757228,0.26053131519157535,1.54053532939291,1.54053532939291,10.281923988256374,26.57388050509078
2019-02-12 00:00:00-05:00,11898900.0,0.01957655550328276,73.87377999485702,0.47437658309936526,0.016429473518157156,-0.00547631384009406,1.0,1.0,0.33426504557293213,0.04922423444752799,1.5350439655754302,1.556831299388098,11.097410021008562,27.38936653784297
2019-02-13 00:00:00-05:00,11898900.0,0.03202038805909892,69.72453117926403,0.47233171463012696,-0.004310643784054435,0.020924858503775345,0.1045454545454545,0.1045454545454545,0.63564974715442,-0.05616673217319934,1.5557529060690103,1.5525113379928843,11.19684391799675,27.488800434831155
2019-02-14 00:00:00-05:00,11898900.0,0.030221061135530684,59.64895341444398,0.46568636894226073,-0.01406923456975584,-0.010787484759963162,-0.766803840877915,-0.766803840877915,-0.05619316418799414,-0.14450549318023265,1.5449068145344445,1.5383421935316253,9.740968623038354,26.03292513987276
2019-02-15 00:00:00-05:00,11898900.0,0.02978556470433236,64.61528195148837,0.476932430267334,0.024149432053630848,0.002181083843584508,0.388235294117647,0.388235294117647,-0.01441036200698842,0.08325927367975905,1.5470855232675789,1.5622046392421065,10.069001991013701,26.36095850784811
2019-02-19 00:00:00-05:00,11898900.0,0.030303303228546696,65.11620675916163,0.47539892196655276,-0.0032153575715572202,0.0010882123618149997,1.0,1.0,0.017382196018564278,0.007752420055202158,1.5481731439555275,1.5589841013009185,10.975071168816319,27.267027685650724
2019-02-20 00:00:00-05:00,11898900.0,0.04011096652950701,60.86950526386661,0.4789771556854248,0.007526802341221606,0.011956541715287594,-0.3082191780821918,-0.3082191780821918,0.3236499739645935,-0.06521727395764687,1.560058770929642,1.5664827186058419,10.606585063949241,26.89854158078365
2019-02-21 00:00:00-05:00,11898900.0,0.0562190265272964,55.75224307142912,0.47642130851745607,-0.005336052330744856,0.011815364934854022,0.9876237623762376,0.9876237623762376,0.4015874308573377,-0.08406939025139737,1.571804879433124,1.5611323786990243,11.293524899934853,27.58548141676926
2019-02-22 00:00:00-05:00,11898900.0,0.050813579152596114,58.40713224368501,0.47795495986938474,0.0032191073835492467,-0.0031845364735989534,-0.4072229140722291,-0.4072229140722291,-0.09614978608844715,0.04761941450238116,1.5686152615323883,1.5643463158491198,10.770588040219511,27.06254455705392
2019-02-25 00:00:00-05:00,11898900.0,0.05944673985953255,65.28924409304352,0.4846001625061035,0.013903407631829401,0.005324488903836189,0.03361344537815136,0.03361344537815136,0.16989869343803865,0.11782999070464717,1.5739256254618432,1.5781539577349784,10.803648902480399,27.095605419314808
2019-02-26 00:00:00-05:00,11898900.0,0.05521438727773642,67.79665438470708,0.4851114749908447,0.0010551223963626288,-0.0010589999402965677,1.0,1.0,-0.07119570546335774,0.038404645765085954,1.5728660643849124,1.579208523880946,11.675894293248367,27.967850810082776
2019-02-27 00:00:00-05:00,11898900.0,0.04663798031714621,57.72365800645839,0.47795495986938474,-0.014752310531502055,0.002120834481482703,-0.7748513169073916,-0.7748513169073916,-0.1553292064521089,-0.14857659968130899,1.5749846530716916,1.5643463158491198,10.184900011974314,26.47685652880872
2019-02-28 00:00:00-05:00,11898900.0,0.024943176436590855,56.198300597766526,0.47744359970092776,-0.001069891959269098,-0.0010585741107991264,0.13207547169811318,0.13207547169811318,-0.46517460089452833,-0.02642516883668744,1.573925518275599,1.5632758511468965,10.308952660644293,26.600909177478698
2019-03-01 00:00:00-05:00,11898900.0,0.012421483010978101,64.91222615164816,0.48051066398620607,0.006423930045767801,-0.00529652517606749,-0.28,-0.28,-0.5020087741208383,0.15505674479822162,1.5686149167843557,1.5696792356956628,9.980448593672257,26.272405110506664
2019-03-04 00:00:00-05:00,11898900.0,0.013198627838135291,54.03225867118227,0.47182064056396483,-0.018084975159865957,0.0010650283049014053,1.0,1.0,0.06256457674742633,-0.16761045068841218,1.5696793783489724,1.551428728574463,11.255449234575513,27.547405751409922
2019-03-05 00:00:00-05:00,11898900.0,0.035661212444677765,48.64855779775806,0.4728429317474365,0.0021666944927414278,-0.015957605660119056,-0.06597671410090555,-0.06597671410090555,1.0,-0.09963864191180982,1.5535930791697545,1.5535930791697545,11.187195324880918,27.479151841715325
2019-03-06 00:00:00-05:00,11898900.0,0.037298691646165234,48.2142872015518,0.47028698921203616,-0.005405478994799928,0.007567480915277258,-0.31163434903047094,-0.31163434903047094,0.0459176536419712,-0.008926690036971108,1.5611320703414486,1.5481729377110758,10.81376021208472,27.105716728919127
2019-03-07 00:00:00-05:00,11898900.0,0.05932118304927921,48.64859868061691,0.4641527652740479,-0.013043575686127462,-0.020386330517412676,-0.3038229376257545,-0.3038229376257545,0.5904360295538185,0.009007941510149164,1.5405350704871559,1.5350435475564619,10.451608961045816,26.743565477880225
2019-03-08 00:00:00-05:00,11898900.0,0.07522748730104813,32.65301266058941,0.4595522403717041,-0.00991166108776187,-0.008762063185254632,1.0,1.0,0.26813868898324644,-0.3287984947940674,1.5317343947101596,1.5250824389465745,11.235853571630463,27.52781008846487
2019-03-11 00:00:00-04:00,11898900.0,0.07745223203560536,35.05156919407807,0.46057467460632323,0.0022248487653810933,1.0345481182838512e-07,-0.24802110817941958,-0.24802110817941958,0.029573561664424153,0.07345590308681071,1.531734498164966,1.5273048164007916,10.950806546816688,27.242763063651093
2019-03-12 00:00:00-04:00,11898900.0,0.07336834727155728,31.52157491779559,0.4615968704223633,0.002219392147242427,0.001104689403227166,-0.3298245614035088,-0.3298245614035088,-0.05272778662041255,-0.10070859472045746,1.5328385778478475,1.5295217493352486,10.550590794594667,26.842547311429072
2019-03-13 00:00:00-04:00,11898900.0,0.05543856041286507,38.94723612169391,0.46568636894226073,0.008859458939042497,0.002207559388164748,0.5549738219895288,0.5549738219895288,-0.24438041097380758,0.2355739274850175,1.5350437041569058,1.5383421935316253,10.992049505350737,27.284006022185142
2019-03-14 00:00:00-04:00,11898900.0,0.049157259075005545,36.16991928169241,0.4646639823913574,-0.0021954401483245123,0.0011012416363123112,-0.3720538720538721,-0.3720538720538721,-0.11330202824678492,-0.071309728662736,1.5361443398714507,1.5361443398714507,10.526748605631907,26.818705122466316
2019-03-15 00:00:00-04:00,11898900.0,0.02017129353667852,29.41183571565749,0.4667088031768799,0.004400644041741675,0.00660080992740153,-0.1233243967828418,-0.1233243967828418,-0.5896578874363074,-0.1868426499214102,1.5427234598481794,1.54053532939291,10.395130356885344,26.687086873719753
2019-03-18 00:00:00-04:00,11898900.0,0.026208254832725403,36.17010930778353,0.47182064056396483,0.010952948288716069,0.003278871460135502,-0.1223241590214067,-0.1223241590214067,0.29928478731765806,0.2297807473651925,1.5459969675308487,1.551428728574463,10.264652401747712,26.55660891858212
2019-03-19 00:00:00-04:00,11898900.0,0.03902630597597655,43.90218653768055,0.4728429317474365,0.0021666944927414278,0.008714384579411094,0.5365853658536586,0.5365853658536586,0.4890844974250501,0.21376980545184976,1.5546736010207698,1.5535930791697545,10.694215061434937,26.986171578269346
2019-03-20 00:00:00-04:00,11898900.0,0.03799262046027633,45.12206220280755,0.47335424423217776,0.001081357995247112,-0.005399337961101036,-0.11791383219954643,-0.11791383219954643,-0.026486891081531683,0.027786216617707638,1.549259633952368,1.5546738529185933,10.568749529606537,26.860706046440946
2019-03-21 00:00:00-04:00,11898900.0,0.03335327262282303,38.27167176066573,0.4707982540130615,-0.005399740786653839,-0.0010859541253728233,0.4730077120822622,0.4730077120822622,-0.1221118149063718,-0.15181909043411534,1.5481730897515789,1.5492594808377584,10.95605590270283,27.24801241953724
2019-03-22 00:00:00-04:00,11898900.0,0.028744450610096527,41.891811829780046,0.46568636894226073,-0.01085791000121028,-0.0076087683109553605,-0.24607329842931935,-0.24607329842931935,-0.13818200285308058,0.09459059148900217,1.5405352270876,1.5383421935316253,10.673595774232203,26.965552291066608
2019-03-25 00:00:00-04:00,11898900.0,0.027505333991740166,39.72618843776115,0.46517529487609866,-0.0010974640879503061,-0.0032856905643043888,0.02314814814814814,0.02314814814814814,-0.04310802927369639,-0.05169562493067903,1.5372441267889945,1.5372441267889945,10.696480068065789,26.988436584900196
2019-03-26 00:00:00-04:00,11898900.0,0.026956972183391475,50.633013028662106,0.4707982540130615,0.012087828392650435,0.007692228570724158,0.7941176470588236,0.7941176470588236,-0.019936562432339988,0.27454998880621595,1.5449069210169586,1.5492594808377584,11.280993407622939,27.572949924457347
2019-03-27 00:00:00-04:00,11898900.0,0.027640627243461335,58.82356168893507,0.47028698921203616,-0.0010859530524325312,0.004361893263610694,-0.023959646910466592,-0.023959646910466592,0.025360973607083004,0.16176301133089788,1.5492593287972551,1.5481729377110758,11.25674205957782,27.548698576412225
2019-03-28 00:00:00-04:00,11898900.0,0.02225394304698441,69.35469553743778,0.47182064056396483,0.0032610967071369235,-0.001085546187393982,-0.6304909560723514,-0.6304909560723514,-0.19488284940245693,0.1790291771891066,1.548173192977845,1.551428728574463,10.261161996807944,26.553118513642353
2019-03-29 00:00:00-04:00,11898900.0,0.029931569836644738,73.97234542534147,0.47846593856811526,0.01408437324023648,0.008695497942658115,0.5734265734265733,0.5734265734265733,0.34500073867586845,0.06658020559561217,1.5568311028192727,1.5654148386055386,10.714417768752456,27.006374285586865
2019-04-01 00:00:00-04:00,11898900.0,0.05419621265388426,74.5232681180629,0.48029508590698244,0.046668206739419515,0.014680061250205823,1.0,1.0,0.8106705712285331,0.007447684530666354,1.5714044550327928,1.6110268212635972,11.452113325573471,27.744069842407878
2019-04-02 00:00:00-04:00,11898900.0,0.05459580933120097,68.31502420234068,0.4787272930145264,-0.04406551404650749,-0.008686042723615395,-0.6578108395324123,-0.6578108395324123,0.0073731476379848004,-0.08330611462029358,1.5626804687607754,1.5659609236472682,10.3797217315325,26.671678248366906
2019-04-03 00:00:00-04:00,11898900.0,0.04565217924205874,70.33485433291827,0.4787272930145264,0.0,0.0,0.6677018633540373,0.6677018633540373,-0.16381532206778793,0.029566411695838735,1.5626804687607754,1.5659609236472682,10.891168280496956,27.183124797331363
2019-04-04 00:00:00-04:00,11898900.0,0.04028610159235299,69.9198939563213,0.48029508590698244,0.003274918550358219,0.0021903648114875995,-0.33891992551210426,-0.33891992551210426,-0.11754263955842126,-0.005899782981462098,1.5648684382204179,1.5692304913311226,10.477287975463508,26.769244492297915
2019-04-05 00:00:00-04:00,11898900.0,0.03722441092393199,64.61592107557232,0.48029508590698244,0.0,0.0043715807126396555,0.030985915492957705,0.030985915492957705,-0.07599868310420388,-0.07585785075793106,1.5692304913311226,1.5692304913311226,10.507803519389457,26.799760036223866
2019-04-08 00:00:00-04:00,11898900.0,0.023590704475877935,61.0414263033853,0.479249906539917,-0.002176119218650241,-0.001087954866572205,0.17759562841530063,0.17759562841530063,-0.36625714442908197,-0.055319102671405496,1.568141944212053,1.567052000924429,10.671278276091838,26.963234792926247
2019-04-09 00:00:00-04:00,11898900.0,0.0161687502733472,58.20755097594629,0.47820448875427246,-0.002181362523765995,-0.0032683357727427698,0.8979118329466358,0.8979118329466358,-0.31461350423510503,-0.04642544414598393,1.5648682557638727,1.5648682557638727,11.312032522590838,27.603989039425247
2019-04-10 00:00:00-04:00,11898900.0,0.012015394857841845,66.32764656211316,0.48029508590698244,0.004371763966825037,1.824565618591123e-07,-0.539119804400978,-0.539119804400978,-0.25687547554938783,0.13950244341189366,1.5648684382204179,1.5692304913311226,10.537415373436103,26.829371890270508
2019-04-11 00:00:00-04:00,11898900.0,0.012336245728898307,67.27237955864501,0.47559161186218263,-0.00979288396406941,0.004371867608945257,0.5782493368700266,0.5782493368700266,0.026703314776797216,0.01424342706999493,1.569230776978656,1.5593893417137565,10.993731591533722,27.285688108368127
2019-04-12 00:00:00-04:00,11898900.0,0.012336423947668242,73.00214290584998,0.48029508590698244,0.009889732971494869,-0.006529061658729685,-0.22016806722689075,-0.22016806722689075,1.444675907502635e-05,0.08517259809741118,1.5626803077651485,1.5692304913311226,10.745054738214346,27.037011255048753
2019-04-15 00:00:00-04:00,11898900.0,0.0222613663223758,70.79181656652415,0.4834309101104736,0.006528953336196519,0.014238857867134191,0.13577586206896552,0.13577586206896552,0.8045234515942128,-0.0302775542106547,1.5768187452209927,1.575738223369978,10.872370734529454,27.16432725136386
2019-04-16 00:00:00-04:00,11898900.0,0.02642870500777011,74.2559882085582,0.4860440731048584,0.005405452857343285,-0.0010799116386057683,-0.4136622390891841,-0.4136622390891841,0.18720049007978234,0.048934634115211706,1.575738250057672,1.5811291192016732,10.338511462885837,26.630467979720244
2019-04-17 00:00:00-04:00,11898900.0,0.03704370711889732,70.59584546203865,0.4849988460540772,-0.00215047792704115,0.00756764452119163,-0.2524271844660194,-0.2524271844660194,0.40164669846692713,-0.04929087653159403,1.5832774036064812,1.5789763256766176,10.047587896509885,26.339544413344292
2019-04-18 00:00:00-04:00,11898900.0,0.0349291154756938,55.96346402066533,0.48186306953430175,-0.006465533980725913,-0.008583757026774164,0.6666666666666667,0.6666666666666667,-0.05708369403786773,-0.2072697245228342,1.5746565939511505,1.5724897995987313,10.558413520275876,26.850370037110284
2019-04-22 00:00:00-04:00,11898900.0,0.031274817347927,46.55156954199734,0.47820448875427246,-0.00759257351588527,-0.003247038306703809,-0.5038961038961038,-0.5038961038961038,-0.10462040272132633,-0.16817926916018833,1.5714042725762476,1.5648682557638727,9.857443614034722,26.14940013086913
2019-04-23 00:00:00-04:00,11898900.0,0.0300013373408718,50.87716490059865,0.479249906539917,0.0021861312685873546,0.0021717876011351223,0.9790575916230366,0.9790575916230366,-0.04071902300460961,0.09292050517649897,1.5735737052556673,1.567052000924429,10.54006438160768,26.832020898442085
2019-04-24 00:00:00-04:00,11898900.0,0.021699191820255304,54.83870018335878,0.48186306953430175,0.0054526103369560985,-0.004333663940171206,0.0,0.0,-0.27672584812765033,0.07786470198368933,1.5692306237757727,1.5724897995987313,10.54006438160768,26.832020898442085
2019-04-25 00:00:00-04:00,11898900.0,0.02777226619690977,49.206592875049054,0.47977261543273925,-0.004338274156562405,-0.004352436802483872,1.0,1.0,0.2798756021404216,-0.1027031510498645,1.5648686875464382,1.5681420878256374,11.233211562167625,27.525168079002032
2019-04-26 00:00:00-04:00,11898900.0,0.02765492459643956,48.43762696642028,0.479249906539917,-0.0010894929723130886,0.0054643575491251095,-0.6997354497354498,-0.6997354497354498,-0.004225135955353454,-0.015627294305489037,1.5703181696590494,1.567052000924429,10.030120203469494,26.3220767203039
2019-04-29 00:00:00-04:00,11898900.0,0.016644410603377346,51.562373033579725,0.48029508590698244,0.002180865040979141,-0.0032609459756696157,0.7885462555066078,0.7885462555066078,-0.39813936048409126,0.06451071744959136,1.5670518952119934,1.5692304913311226,10.611523345589823,26.90347986242423
2019-04-30 00:00:00-04:00,11898900.0,0.015000174918602551,50.76948990763876,0.4787272930145264,-0.003264228467995789,-0.0010903766716044982,-0.36699507389162567,-0.36699507389162567,-0.09878605640990135,-0.015377165155385786,1.5659609236472682,1.5659609236472682,10.154246270883311,26.44620278771772
2019-05-01 00:00:00-04:00,11898900.0,0.015511827201825363,54.92976569718356,0.4839536190032959,0.010917125605811151,-0.0010916754830539999,-0.4085603112840467,-0.4085603112840467,0.03410975445281528,0.08194440789366397,1.5648686518525086,1.5768188876311087,9.629050706834368,25.921007223668774
2019-05-02 00:00:00-04:00,11898900.0,0.018705025440305504,54.166529387464415,0.4787272930145264,-0.010799229065655447,0.010928950683225302,0.07236842105263164,0.07236842105263164,0.20585571234988875,-0.013894767254728713,1.57573831314363,1.5659609236472682,9.698920386794853,25.99087690362926
2019-05-03 00:00:00-04:00,11898900.0,0.0186004377189446,57.14289099722614,0.4860440731048584,0.015283816479855439,-0.0075675971841421275,1.0,1.0,-0.005591423636106874,0.05494835359436068,1.5681419364092857,1.5811291192016732,10.524064040261237,26.816020557095644
2019-05-06 00:00:00-04:00,11898900.0,0.020401283024893774,44.70595685850207,0.4787272930145264,-0.015053737912268494,-0.005446580947480961,0.6129032258064515,0.6129032258064515,0.09681736167504318,-0.21764621848285182,1.5626804687607754,1.5659609236472682,11.002099841204238,27.294056358038645
2019-05-07 00:00:00-04:00,11898900.0,0.036136807974167066,34.020689343802786,0.46984257698059084,-0.01855903384573887,-0.012048228744627854,-0.45833333333333337,-0.45833333333333337,0.7713007525101585,-0.23901216449787688,1.5505590718161848,1.547227510015726,10.388995368317829,26.680951885152236
2019-05-08 00:00:00-04:00,11898900.0,0.056103549980261284,32.35303325619853,0.4661842346191406,-0.007786315120609677,-0.0099777631415785,-0.30153846153846153,-0.30153846153846153,0.5525319784848661,-0.04901887997481269,1.5405311971835811,1.5394107232660053,10.030120203469494,26.3220767203039
2019-05-09 00:00:00-04:00,11898900.0,0.09478965207925223,31.428581359197324,0.46148042678833007,-0.010090019098679792,-0.02351655256444174,0.748898678414097,0.748898678414097,0.6895482035023051,-0.02857388640133418,1.5167337174636628,1.529269454895763,10.589106466675283,26.88106298350969
2019-05-10 00:00:00-04:00,11898900.0,0.10442634379076174,34.34370616674562,0.4620031833648682,0.0011327816873538676,0.008027742360050993,-0.17632241813602012,-0.17632241813602012,0.10166396331376348,0.09275394184138719,1.5247294089167016,1.5304015954700563,10.395130356885344,26.687086873719753
2019-05-13 00:00:00-04:00,11898900.0,0.097868210488514,28.571475121378995,0.4541636943817139,-0.0169684739530529,-0.005688388548346857,0.44036697247706424,0.44036697247706424,-0.06280152176339926,-0.16807245605180987,1.5190247798687513,1.513287507379153,10.760028280004509,27.051984796838916
2019-05-14 00:00:00-04:00,11898900.0,0.08917582112375187,27.272878078963814,0.4557316780090332,0.0034524636088624217,-0.0068647886094047594,-0.3991507430997877,-0.3991507430997877,-0.08881729134898497,-0.045450822433857785,1.512136320204629,1.5167340249173282,10.25061708363133,26.542573600465737
2019-05-15 00:00:00-04:00,11898900.0,0.06957801369138247,26.31592426627654,0.4515506744384766,-0.009174265850516061,-0.001152062715303992,0.39575971731448756,0.39575971731448756,-0.21976593190179827,-0.03508811244330656,1.510983593354943,1.507517416315123,10.584055950889214,26.87601246772362
2019-05-16 00:00:00-04:00,11898900.0,0.0495283515062616,25.86223712091062,0.4499827861785889,-0.0034722310222157216,-0.0011533582276037624,0.03797468354430378,0.03797468354430378,-0.2881608876340215,-0.017240023218462852,1.5098295694978834,1.5040391431081426,10.621327345686446,26.913283862520853
2019-05-17 00:00:00-04:00,11898900.0,0.039539596009901555,23.14074887310116,0.44632434844970703,-0.008130172622714205,-0.012702164960315732,-0.03170731707317076,-0.03170731707317076,-0.20167752797298777,-0.10523019470767403,1.497046042321756,1.495875740398536,10.589106466675283,26.88106298350969
2019-05-20 00:00:00-04:00,11898900.0,0.05285638123314306,27.419650339822724,0.4494602203369141,0.0070259933120373486,-0.005847794712736332,0.21662468513853894,0.21662468513853894,0.33679618830467306,0.1849076488486232,1.4911810823053575,1.5028771664254927,10.785186839640664,27.077143356475073
2019-05-21 00:00:00-04:00,11898900.0,0.04412565847913625,23.077109031275,0.45102801322937014,0.0034881682994789553,0.009411582122411222,-0.2194616977225673,-0.2194616977225673,-0.16517821595649274,-0.15837332915368607,1.5005486514278803,1.506359265176239,10.537415373436103,26.829371890270508
2019-05-22 00:00:00-04:00,11898900.0,0.035501294836567165,23.89402538346077,0.4478922843933105,-0.0069524037179147236,0.004662137971791047,-0.37665782493368705,-0.37665782493368705,-0.19545008368876593,0.03539942334538759,1.5051999552947817,1.4993825808953005,10.06475570013225,26.356712216966656
2019-05-23 00:00:00-04:00,11898900.0,0.03581154731706646,12.381271815530013,0.44475641250610354,-0.007001397426291245,-0.012761272157996939,0.5191489361702128,0.5191489361702128,0.008739187737449194,-0.48182561888043285,1.492356558680114,1.492356558680114,10.48290596776773,26.77486248460214
2019-05-24 00:00:00-04:00,11898900.0,0.030130951344932058,30.35736542282416,0.4557316780090332,0.024677025882744452,0.00470051587788034,-0.2997198879551821,-0.2997198879551821,-0.15862470062630452,1.0,1.4970460616307104,1.5167340249173282,10.126631103850338,26.418587620684747
2019-05-28 00:00:00-04:00,11898900.0,0.04806277868812269,29.824847837308965,0.445801830291748,-0.021788802921635653,0.025731285362324163,-0.07599999999999996,-0.07599999999999996,0.5951298098062447,-0.017541627150385763,1.5224518689712092,1.4947043405894977,10.047587896509885,26.339544413344292
2019-05-29 00:00:00-04:00,11898900.0,0.04992120719490273,30.088702072137252,0.44266595840454104,-0.007034228381599061,-0.02964683322606243,0.8874458874458875,0.8874458874458875,0.03866668880797142,0.008846792321207442,1.4923566846796854,1.4876452553891564,10.682812429337126,26.974768946171533
2019-05-30 00:00:00-04:00,11898900.0,0.05146102292812812,34.57959464886707,0.44423375129699705,0.0035417064779652563,-0.0035255182746851688,-0.5229357798165137,-0.5229357798165137,0.030844921822776206,0.14925511130267322,1.4888249371201665,1.491180704794192,9.94270826568941,26.234664782523815
2019-05-31 00:00:00-04:00,11898900.0,0.054648172198536585,43.999973723471655,0.4541636943817139,0.022352968579548715,7.509124211324547e-08,0.8557692307692308,0.8557692307692308,0.06193326694768042,0.2724259543890639,1.4888250122114057,1.513287507379153,10.561007555452923,26.852964072287328
2019-06-03 00:00:00-04:00,11898900.0,0.05877635316471309,44.715529774797496,0.4473696231842041,-0.01495952072249862,0.02358510834506311,-0.4507772020725389,-0.4507772020725389,0.07554106203550304,0.01626264724208526,1.5121362890943648,1.4982149644378984,9.961756460660103,26.253712977494512
2019-06-04 00:00:00-04:00,11898900.0,0.05770430730029861,45.60001576597454,0.4499827861785889,0.005841172173884468,-0.016128934210965062,1.0,1.0,-0.018239407630653903,0.019780286527558033,1.4958758678770083,1.5040391431081426,10.787255092704724,27.07921160953913
2019-06-05 00:00:00-04:00,11898900.0,0.059774711332674056,58.62069182492834,0.46461639404296884,0.032520372587257595,0.014051475850050954,-0.35123966942148765,-0.35123966942148765,0.035879540527206544,0.2855410429193199,1.509829536895611,1.5360419200859112,10.354563171896345,26.646519688730752
2019-06-06 00:00:00-04:00,11898900.0,0.06554491175062561,61.22443152900635,0.46722941398620604,0.005624037327868203,0.017320906928865343,0.09872611464968162,0.09872611464968162,0.0965324681509161,0.044416734484371556,1.5270021468918211,1.5416502015625735,10.448714603019452,26.740671119853857
2019-06-07 00:00:00-04:00,11898900.0,0.0920538133878658,66.216249539185,0.47141056060791015,0.008948808650620421,0.015891128239186703,0.049275362318840665,0.049275362318840665,0.4044387417607158,0.08153310509406153,1.5427683330614688,1.5505592069102465,10.496814397813862,26.78877091464827
2019-06-10 00:00:00-04:00,11898900.0,0.11333184405627962,54.117585812332415,0.45677690505981444,-0.031042273489216732,0.014525079116588513,0.5165745856353592,0.5165745856353592,0.23114773723451876,-0.18271442147584815,1.5571889337065687,1.5190249129753741,10.913268627497622,27.20522514433203
2019-06-11 00:00:00-04:00,11898900.0,0.09583988864714589,54.117684311763924,0.4583448886871338,0.003432712140106986,-0.034140776638081016,-0.5628415300546448,-0.5628415300546448,-0.1543428111912427,1.820100250737866e-06,1.5224517468076808,1.5224517468076808,10.085809109330082,26.37776562616449
2019-06-12 00:00:00-04:00,11898900.0,0.09277814378927161,53.80112996400101,0.45468640327453613,-0.007981948752776247,0.003420601330492934,0.3666666666666667,0.3666666666666667,-0.03194645675295715,-0.005849369790830172,1.525866511188241,1.5144377717666544,10.398183794372235,26.690140311206644
2019-06-13 00:00:00-04:00,11898900.0,0.07300771890900755,55.421654299151875,0.4541636943817139,-0.0011496030870020713,-0.005681990511979151,0.20731707317073167,0.20731707317073167,-0.2130935592456875,0.03012063754488392,1.5201683167586835,1.513287507379153,10.586584397242571,26.87854091407698
2019-06-14 00:00:00-04:00,11898900.0,0.07521895801238791,47.33335036446625,0.4515506744384766,-0.005753476060640694,-0.012571214190789881,-0.303030303030303,-0.303030303030303,0.030287744041644693,-0.14594122165727919,1.507517416315123,1.507517416315123,10.225571051705241,26.51752756853965
2019-06-17 00:00:00-04:00,11898900.0,0.08239827933036796,56.83445729071353,0.4557316780090332,0.00925921232596072,0.002314719850364799,0.2028985507246377,0.2028985507246377,0.09544563641519299,0.20072753889358919,1.5098294613283656,1.5167340249173282,10.410305154904579,26.702261671738988
2019-06-18 00:00:00-04:00,11898900.0,0.07626648978231769,65.60508702795087,0.46827473640441897,0.027522902182667952,0.008083099397009574,0.1355421686746987,0.1355421686746987,-0.07441647565801046,0.1543188789922767,1.5178800674575479,1.5438849812860536,10.537415373436103,26.829371890270508
2019-06-19 00:00:00-04:00,11898900.0,0.06553502029908267,67.85719716553632,0.47559161186218263,0.015625176608811353,0.03321903316422814,0.7055702917771882,0.7055702917771882,-0.14071015348766047,0.03432828519267028,1.5505592710955864,1.5593893417137565,11.071314910225711,27.36327142706012
2019-06-20 00:00:00-04:00,11898900.0,0.11417789635570613,65.38463338031711,0.479249906539917,0.007692092514858029,0.024389982216134642,-0.31259720062208396,-0.31259720062208396,0.7422424809610433,-0.03643775293558671,1.5746565672189363,1.567052000924429,10.696480068065789,26.988436584900196
2019-06-21 00:00:00-04:00,11898900.0,0.13026837766545968,71.91776584462924,0.4808178901672363,0.0032717452959769577,-0.00865776661115214,0.25565610859728505,0.25565610859728505,0.14092466075592935,0.0999184690126107,1.5659611044121553,1.5703184057071276,10.924138299734526,27.216094816568933
2019-06-24 00:00:00-04:00,11898900.0,0.1433411985459592,70.92193717003072,0.4808178901672363,0.0,0.009825344332655028,0.17297297297297298,0.17297297297297298,0.10035298753832378,-0.013846768776854201,1.5757384939085173,1.5703184057071276,11.08367982819666,27.37563634503107
2019-06-25 00:00:00-04:00,11898900.0,0.12889331952819397,60.50417011045152,0.47768211364746094,-0.006521755084206049,-0.005405499976692152,-0.2780337941628265,-0.2780337941628265,-0.10079362503120715,-0.1468906162927175,1.5703183313539124,1.5637752910596907,10.757902880692196,27.049859397526603
2019-06-26 00:00:00-04:00,11898900.0,0.09720783849183967,60.50413982876389,0.48029508590698244,0.005470106970448363,-2.674072633324087e-07,-0.2978723404255319,-0.2978723404255319,-0.2458271782613486,-5.004892650317672e-07,1.5703180639466134,1.5692304913311226,10.404262840448617,26.696219357283024
2019-06-27 00:00:00-04:00,11898900.0,0.04188764381497435,58.7718561096265,0.48186306953430175,0.003264625588159875,0.004347955051190455,-0.027272727272727226,-0.027272727272727226,-0.569091912083914,-0.02863082962653507,1.5746565939511505,1.5724897995987313,10.376611309118108,26.668567825952515
2019-06-28 00:00:00-04:00,11806300.0,0.016487463143879003,78.16089543191711,0.48238577842712405,0.0010847664531075107,-0.002164202950868832,-0.161993769470405,-0.16851532834954852,-0.6063883846819542,0.32990347090832817,1.5724900457287019,1.5735739781178522,10.19988156558993,26.484025410857917
2019-07-01 00:00:00-04:00,11806300.0,0.04007743993761548,75.09515743271518,0.4810495376586914,0.03972704024163631,0.019386866572135508,0.39405204460966536,0.39405204460966536,1.0,-0.03922342473510132,1.5916913810813198,1.6125321955160181,10.532096211958502,26.816240057226487
2019-07-02 00:00:00-04:00,11806300.0,0.03696110456087363,74.95728276285831,0.4773078441619873,-0.04833359753428934,-0.020675039494755798,-0.33333333333333337,-0.33333333333333337,-0.07775784535121844,-0.001835999478134176,1.570799620610218,1.5629914723366252,10.126631103850338,26.410774949118323
2019-07-03 00:00:00-04:00,11806300.0,0.04515702533455038,73.2114138203537,0.47570438385009767,-0.0033593839521008917,-0.009999862677940508,-0.02400000000000002,-0.02400000000000002,0.22174447628258398,-0.023291518557683077,1.5607494234658579,1.559626432984931,10.102338411281293,26.38648225654928
2019-07-05 00:00:00-04:00,11708600.0,0.05343502018453177,74.83979880831323,0.47410097122192385,-0.0033706072144987775,-0.003366824010939018,0.1680327868852458,0.15836703188336654,0.18331576955419537,0.022242228403828834,1.5573769189491995,1.5562501324770979,10.257659366256743,26.533493538748164
2019-07-08 00:00:00-04:00,11708600.0,0.060908527492248205,64.73100542827865,0.4692903995513916,-0.01014672393126237,-0.002252450085416191,0.11228070175438587,0.11228070175438587,0.13986159791663821,-0.13507242858744428,1.5551219282823507,1.5460515796488292,10.364071959865372,26.639906132356792
2019-07-09 00:00:00-04:00,11708600.0,0.08033161063273395,45.044441427854444,0.464479923248291,-0.01025053209632898,-0.01692992547523131,1.0,1.0,0.31888938938735145,-0.30412881539800485,1.5380470533000836,1.535748149045989,11.661345470088502,27.937179642579924
2019-07-10 00:00:00-04:00,11708600.0,0.08427003439958196,36.44858063336113,0.4666179656982422,0.0046030890528034885,0.00688878340651744,-0.8267241379310345,-0.8267241379310345,0.049027073350414785,-0.1908306668262475,1.5449122174481185,1.5403406762832943,9.908475094047168,26.184309266538587
2019-07-11 00:00:00-04:00,11708600.0,0.05532562689122556,32.243507261241945,0.46822142601013184,0.003436344996897489,-0.0034209895424104353,-0.11442786069651745,-0.11442786069651745,-0.34347212166914676,-0.1153700171323081,1.5414853629411749,1.5437711305379473,9.786953736280177,26.062787908771597
2019-07-12 00:00:00-04:00,11708600.0,0.04040424816545694,33.465063786991706,0.47035956382751465,0.004566509985676204,0.005721150535543007,0.2752808988764044,0.2752808988764044,-0.2697010330331223,0.037885349005383206,1.547190209849108,1.548327245650414,10.030120203469494,26.305954375960916
2019-07-15 00:00:00-04:00,11708600.0,0.03261681249504496,31.85009155459123,0.46875600814819335,-0.0034092124464791818,0.0011375298228590847,-0.30396475770925113,-0.30396475770925113,-0.19273804176536413,-0.0482584537319255,1.5483270931751445,1.5449122085971998,9.667765219015058,25.94359939150648
2019-07-16 00:00:00-04:00,11708600.0,0.025713177114830257,44.947267291188425,0.47410097122192385,0.011402441741164226,-9.589375959961899e-10,1.0,1.0,-0.21165879962254064,0.41121312678641964,1.548327092216207,1.5562501324770979,10.966472663561087,27.242306836052506
2019-07-17 00:00:00-04:00,11708600.0,0.027204548198132877,39.9149219617693,0.473566484451294,-0.0011273690691926408,0.007954563545383486,-0.5457685664939551,-0.5457685664939551,0.058000264869737306,-0.11196109647372654,1.5562501850016033,1.555122127449378,10.177324218165856,26.453158390657276
2019-07-18 00:00:00-04:00,11708600.0,0.024852309369239135,42.72874047127584,0.4767734527587891,0.006771949478668882,-0.0011275278674520717,-0.12167300380228141,-0.12167300380228141,-0.08646491063781692,0.07049540300245671,1.555122020996385,1.5618712502741934,10.047587896509885,26.323422069001307
2019-07-19 00:00:00-04:00,11708600.0,0.03234456200389189,43.608913620625096,0.4778424263000488,0.0022420995444991654,0.006772059357404547,0.7619047619047619,0.7619047619047619,0.3014710835656289,0.020599089503725132,1.5618712529608418,1.5641108400642216,10.613983371430686,26.889817543922106
2019-07-22 00:00:00-04:00,11708600.0,0.03643839624523328,49.27518992971695,0.4805149078369141,0.005592809239561181,0.0056053489788823185,-0.5798525798525799,-0.5798525798525799,0.1265694752907398,0.12993390200878463,1.567460950432006,1.569688067616129,9.746833742490752,26.022667914982172
2019-07-23 00:00:00-04:00,11708600.0,0.04190832122478601,53.96844727216602,0.47998046875,-0.0011122216568053567,0.003344603293300441,-0.005847953216374324,-0.005847953216374324,0.15011431740133951,0.09524584987177587,1.570799972979836,1.5685752269818138,9.740968623038354,26.016802795529774
2019-07-24 00:00:00-04:00,11708600.0,0.041253928190295816,63.38035601873216,0.48585991859436045,0.012249352269837477,-1.5759908766899144e-07,0.888235294117647,0.888235294117647,-0.015614871113070583,0.17439650800219142,1.570799815380736,1.5807501630202507,10.376611309118108,26.65244548160953
2019-07-25 00:00:00-04:00,11708600.0,0.04357947914763943,64.28576890529257,0.4847909927368164,-0.002200070054423353,0.010000219692874346,-0.4080996884735203,-0.4080996884735203,0.05637162469998813,0.014285386568242409,1.580750363751578,1.5785476692561653,9.852194258148577,26.12802843064
2019-07-26 00:00:00-04:00,11708600.0,0.04493227847344267,66.1767426239165,0.4810495376586914,-0.007717666240049437,5.159802407561642e-08,0.3263157894736841,0.3263157894736841,0.03104211781008681,0.029415121741948047,1.5807504153496006,1.570800067710086,10.134599273499514,26.410433445990936
2019-07-29 00:00:00-04:00,11708600.0,0.03514668340896243,64.28593276458429,0.47517004013061526,-0.012222228830511273,-0.015401622275965643,-0.36904761904761907,-0.36904761904761907,-0.21778541834383136,-0.02857212042118351,1.5652289560404342,1.5585025332096234,9.674074388208323,25.949908560699743
2019-07-30 00:00:00-04:00,11708600.0,0.03514693827930116,64.28570518237004,0.4773078441619873,0.004499029506962238,-0.0033523259870514854,0.22012578616352196,0.22012578616352196,7.251618474590771e-06,-3.54015574577371e-06,1.5618709984190493,1.5629914723366252,9.87302834505142,26.14886251754284
2019-07-31 00:00:00-04:00,11708600.0,0.0386495233432671,53.164687043348444,0.47089400291442873,-0.013437535808403567,3.049590351356102e-07,0.47938144329896915,0.47938144329896915,0.09965548168469329,-0.1729936399931017,1.5618713033780378,1.5494628358106655,10.264652401747712,26.540486574239132
2019-08-01 00:00:00-04:00,11708600.0,0.05375462344183834,38.38365906584098,0.4580660343170166,-0.027241732784911266,-0.012331679246005645,1.0,1.0,0.3908224162149365,-0.2780234174134343,1.549462958042439,1.5218431674646724,11.05089000537367,27.326724177865092
2019-08-02 00:00:00-04:00,11708600.0,0.09903221611642488,39.175065254220144,0.4575314521789551,-0.001167041644680289,-0.029512200360474083,-0.6349206349206349,-0.6349206349206349,0.8423013645249731,0.02061831017781901,1.519506510379144,1.5206754442965962,10.043249494911286,26.319083667402708
2019-08-05 00:00:00-04:00,11708600.0,0.1350224477017428,22.39978360524229,0.4372206211090088,-0.04439220729682658,-0.02105233154854469,1.0,1.0,0.36341943053164494,-0.42821324074682254,1.4982294184144815,1.4752677355080555,11.76989056475995,28.04572473725137
2019-08-06 00:00:00-04:00,11708600.0,0.15742580144231194,22.399735644964878,0.43668599128723146,-0.0012227918720331132,-0.016726710927621347,-0.4725444702242846,-0.4725444702242846,0.16592317886324315,-2.1411044972552418e-06,1.48136123627345,1.4740441954160342,11.130199843831553,27.406034016322973
2019-08-07 00:00:00-04:00,11708600.0,0.1809380034305463,18.1815634796817,0.4356170654296875,-0.0024478134835355103,-0.01701064270084318,0.08211143695014655,0.08211143695014655,0.1493541831949976,-0.18831347977230972,1.46420425062418,1.4715933811391517,11.209114010588564,27.484948183079986
2019-08-08 00:00:00-04:00,11708600.0,0.17636942412595347,16.3931908807118,0.43401350975036623,-0.0036811130843543705,0.0037080834540565988,-0.18970189701897022,-0.18970189701897022,-0.02524941813203163,-0.09836187085717063,1.4679054760848982,1.4679054760848982,10.998760939938723,27.274595112430145
2019-08-09 00:00:00-04:00,11708600.0,0.14216860067075782,12.711586978890736,0.43347897529602053,-0.001231607870117113,0.00369449561649815,-0.14046822742474918,-0.14046822742474918,-0.19391583107268795,-0.2245812867434388,1.4715931638151178,1.4666731091625076,10.847393451443256,27.123227623934678
2019-08-12 00:00:00-04:00,11708600.0,0.094806759231661,14.285467960722613,0.43454799652099607,0.0024661431947086143,-0.01104285154677187,-0.33657587548638135,-0.33657587548638135,-0.33313854969129275,0.12381467274271207,1.460488887360508,1.4691362164164399,10.437052663271608,26.71288683576303
2019-08-13 00:00:00-04:00,11708600.0,0.05852851647206677,6.421667685654199,0.43508243560791016,0.0012298735495106516,0.0024811608269956764,-0.3519061583577713,-0.3519061583577713,-0.3826546024102362,-0.5504755109660848,1.4629669751899965,1.470365334291003,10.003332887505843,26.279167059997267
2019-08-14 00:00:00-04:00,11708600.0,0.03647576364184741,5.7848046762102,0.42759952545166013,-0.017198833011483616,-0.007425448664914125,0.3891402714932126,0.3891402714932126,-0.3767864651198569,-0.09917408383911408,1.455513820643538,1.453016883367188,10.332017933575289,26.60785210606671
2019-08-15 00:00:00-04:00,11708600.0,0.028258847751548074,6.140010392472334,0.42759952545166013,0.0,-0.0024938225214576892,-0.5537459283387622,-0.5537459283387622,-0.2252705651615844,0.06140323418747462,1.453016883367188,1.453016883367188,9.525151111816216,25.800985284307636
2019-08-16 00:00:00-04:00,11708600.0,0.028114026215581372,11.110615485011436,0.43027191162109374,0.006249740727870989,0.007499768986398259,0.4744525547445255,0.4744525547445255,-0.005124820984916734,0.8095434331240017,1.4604886689119652,1.4592471754560479,9.913437883389296,26.189272055880718
2019-08-19 00:00:00-04:00,11708600.0,0.03234439961821601,13.513483102721054,0.43401350975036623,0.00869589212824895,0.012407155345269816,-0.15841584158415845,-0.15841584158415845,0.1504719875479834,0.21626773250781284,1.4728194862815398,1.4679054760848982,9.740968623038354,26.016802795529774
2019-08-20 00:00:00-04:00,11708600.0,0.027403456229047364,15.999910787965305,0.43454799652099607,0.0012314980032241962,-0.009803969065853901,0.09411764705882364,0.09411764705882364,-0.15276039894046944,0.1839960627725643,1.462967141871031,1.4691362164164399,9.830916859701293,26.106751032192715
2019-08-21 00:00:00-04:00,11708600.0,0.03984494838386275,24.050541426556492,0.43615150451660156,0.003690059575566229,0.0160891794848117,1.0,1.0,0.45401178781337603,0.5031672204476696,1.47892826225879,1.4728194844245688,10.934891091510787,27.21072526400221
2019-08-22 00:00:00-04:00,11708600.0,0.04004925878281893,22.352891785659935,0.43241000175476074,-0.00857844745024472,-0.012180367495909561,-0.661319073083779,-0.661319073083779,0.0051276361808245685,-0.07058675356979782,1.4666731061645049,1.4642040303021429,9.852194258148577,26.12802843064
2019-08-23 00:00:00-04:00,11708600.0,0.03634530319132947,34.54531888423364,0.42813405990600584,-0.009888628457719983,-0.0012328418424455423,0.19999999999999996,0.19999999999999996,-0.09248499732730275,0.5454518912132666,1.4654395037473786,1.4542661846287375,10.034515814942532,26.310349987433952
2019-08-26 00:00:00-04:00,11708600.0,0.031535616796260234,39.654931083120175,0.43027191162109374,0.004993416584415655,-0.007407791026334487,-0.09210526315789469,-0.09210526315789469,-0.13233309321289777,0.14791040765927188,1.458004138778031,1.4592471754560479,9.93788897925346,26.213723151744883
2019-08-27 00:00:00-04:00,11708600.0,0.0323237681324386,38.982822753802886,0.4286684989929199,-0.0037265101087654573,0.0012439750962398577,0.18357487922705307,0.18357487922705307,0.02499241861259005,-0.016948921885868162,1.4592473407783257,1.4555137046102684,10.106428396532818,26.38226256902424
2019-08-28 00:00:00-04:00,11708600.0,0.03822444736827499,39.655053074082225,0.42759952545166013,-0.0024937067775475663,-0.008695558267985293,1.0,1.0,0.1825492378134823,0.017244269983341942,1.4505137555392307,1.453016883367188,11.851538266090552,28.127372438581975
2019-08-29 00:00:00-04:00,11708600.0,0.04087309429300386,44.262280696622774,0.4297375202178955,0.0049999933091062765,0.0037594228588793133,-0.7911617961511048,-0.7911617961511048,0.06929196122079606,0.11618261142996023,1.4542661294291737,1.4580044182206215,10.285342795005159,26.56117696749658
2019-08-30 00:00:00-04:00,11708600.0,0.02457700883262311,50.0,0.43454799652099607,0.011193987205635247,0.004993691598998984,1.0,1.0,-0.3986995783475613,0.12962999676189346,1.4592473939045907,1.4691362164164399,11.150519846322512,27.42635401881393
2019-09-03 00:00:00-04:00,11708600.0,0.02033641302030829,43.999914355860916,0.43027191162109374,-0.009840305177188258,0.0012420457080470904,-0.5675287356321839,-0.5675287356321839,-0.17254320251884858,-0.12000171288278172,1.4604886689119652,1.4592471754560479,10.312280450736967,26.58811462322839
2019-09-04 00:00:00-04:00,11613200.0,0.029919027583505658,64.10257583330569,0.4393584728240967,0.021118183542979452,0.012407037012003519,1.0,1.0,0.47120475737919,0.45687955923866563,1.4728193693984533,1.4801454606752789,11.461632170582678,27.729285110740978
2019-09-05 00:00:00-04:00,11613200.0,0.051584743732793266,65.43212324067375,0.44096198081970217,0.003649657613971735,0.012255004593104468,-0.7778947368421052,-0.7778947368421052,0.7241450641675233,0.020740935759359314,1.4849998893451173,1.4837884744491552,9.957028319464158,26.22468125962246
2019-09-06 00:00:00-04:00,11613200.0,0.07087114804774705,66.66684367429605,0.4452380657196045,0.009697173647382318,0.008474752030187771,0.6824644549763033,0.6824644549763033,0.37387806780346766,0.01887024862513975,1.4934389322730015,1.4934389322730015,10.477287975463508,26.744940915621807
2019-09-09 00:00:00-04:00,11613200.0,0.07614563703920228,68.53935512584438,0.45165195465087893,0.014405526896960508,0.0036011891138256757,-0.4225352112676056,-0.4225352112676056,0.07442364257880674,0.02808759719744014,1.4970336526308012,1.507741685398416,9.9281801651265,26.1958331052848
2019-09-10 00:00:00-04:00,11613200.0,0.08219426833221224,64.51611046573534,0.44897942543029784,-0.005917231605134687,0.010765518972798871,-0.29268292682926833,-0.29268292682926833,0.07943503433947141,-0.05869977406005655,1.5077416359698526,1.5018068776091478,9.581903928408666,25.849556868566967
2019-09-11 00:00:00-04:00,11448200.0,0.08008164000180285,66.66663662889718,0.45378990173339845,0.01071424664613585,0.0023668608887263964,0.6275862068965516,0.6044615105046933,-0.02570286679687439,0.03333316512166351,1.5101057002552571,1.5124641334291353,10.069001991013701,26.32234506138001
2019-09-12 00:00:00-04:00,11898900.0,0.057021135139611163,72.6316066253599,0.45539345741271975,0.0035336962616312473,-0.015348255590959758,0.4194915254237288,0.4753749682801145,-0.28796244509568647,0.08947459026119753,1.4946384409529048,1.5159916008556928,10.419300717813158,26.711257234647565
2019-09-13 00:00:00-04:00,11801300.0,0.04565255701440634,79.77524598445908,0.4564624786376953,0.0023474672452457046,0.017985674859277268,-0.591044776119403,-0.5943992063483103,-0.19937481246856759,0.098354417463828,1.512464287134758,1.5183363171041138,9.525151111816216,25.808871364675422
2019-09-16 00:00:00-04:00,11801300.0,0.037012656757753934,72.82611963093512,0.45272097587585447,-0.008196736724138343,-0.0023557056673468857,0.42335766423357657,0.42335766423357657,-0.18925336983700514,-0.08710880509071328,1.5101058024275578,1.5101058024275578,9.878169744551839,26.161889997411045
2019-09-17 00:00:00-04:00,11801300.0,0.03329804510750079,77.77769767770876,0.4580660343170166,0.011806518199916294,0.002361425184315813,0.7948717948717949,0.7948717948717949,-0.1003605786681323,0.06799178745025847,1.5124644438290251,1.5218431674646724,10.46310334047155,26.746823593330756
2019-09-18 00:00:00-04:00,11898900.0,0.030078127876147928,68.14144340803149,0.44951395988464365,-0.01866995976928132,0.0023555637162040455,-0.29714285714285715,-0.29133003506877575,-0.09669988796512075,-0.12389482534707419,1.5148172375540927,1.5029967239144084,10.110501721920453,26.40245823875486
2019-09-19 00:00:00-04:00,11840800.0,0.031144648860229086,64.03503348950552,0.44684152603149413,-0.005945163202129011,-0.010575648793063164,-0.2642276422764228,-0.26782027470326386,0.03545835659961116,-0.060263031029982095,1.5041852691578366,1.4970338178718572,9.803667217253917,26.090728969959034
2019-09-20 00:00:00-04:00,11840800.0,0.032783342931479074,62.72719531234166,0.44951395988464365,0.0059807195559553605,-0.0023755146371849944,0.011049723756906049,0.011049723756906049,0.05261558987561932,-0.02042379156994123,1.5018069285093814,1.5029967239144084,9.814656338829513,26.10171809153463
2019-09-23 00:00:00-04:00,11840800.0,0.0359502650384392,66.99025342143618,0.44897942543029784,-0.0011891387188129876,-0.009523851289170548,1.0,1.0,0.09660156115193486,0.06796187981731361,1.4922374353262786,1.5018068776091478,10.831706855275558,27.118768607980673
2019-09-24 00:00:00-04:00,11840800.0,0.03491359702441687,61.797760692842,0.45058302879333495,0.003571663359629884,0.009615529601337602,-0.11462450592885376,-0.11462450592885376,-0.028836171664211374,-0.07751116712349437,1.5018070299475534,1.5053721777262727,10.709963418403076,26.99702517110819
2019-09-25 00:00:00-04:00,11840800.0,0.03473781143940987,53.608233200435926,0.444703483581543,-0.013048749810967042,-0.002380935963266606,-0.6004464285714286,-0.6004464285714286,-0.005034874661698829,-0.13252142797068467,1.499423255049146,1.4922375450520553,9.792555991828847,26.079617744533962
2019-09-26 00:00:00-04:00,11840800.0,0.034737746931395815,52.12755356253113,0.4473759651184082,0.006009580845514506,-0.007160011439673153,1.0,1.0,-1.8569970697823734e-06,-0.027620377496282655,1.4922374877122486,1.4982291403875474,11.513924965303312,27.800986718008428
2019-09-27 00:00:00-04:00,11840800.0,0.021252588713368253,44.04778341132267,0.4463070869445801,-0.002389216804584482,0.00480789965576589,-0.7392607392607393,-0.7392607392607393,-0.38819898839897815,-0.15499998751171273,1.4970338663316978,1.4958370648501638,10.169690593310785,26.4567523460159
2019-09-30 00:00:00-04:00,11840800.0,0.019130062996872574,54.347866139540905,0.45325546264648436,0.015568598180846438,-0.003588644756457482,1.0,1.0,-0.0998713966153485,0.23383884342226757,1.4934387669427642,1.511285715745195,11.058795184880783,27.3458569375859
2019-10-01 00:00:00-04:00,11840800.0,0.031584555000522256,41.02907238859605,0.44420676231384276,0.02747082096850484,0.018622920936504972,-0.3338582677165355,-0.3338582677165355,0.6510429163607967,-0.24506562441197188,1.5118904045499697,1.5383859846460342,10.65254236503437,26.939604117739485
2019-10-02 00:00:00-04:00,11840800.0,0.0393037725537887,34.78533559381839,0.43762593269348155,-0.06029723399514941,-0.027811356239293317,0.342789598108747,0.342789598108747,0.2443984901208458,-0.15217835625533405,1.483684989140698,1.4761943245463502,10.947291604709243,27.23435335741436
2019-10-03 00:00:00-04:00,11840800.0,0.06144795786000785,34.19869330808612,0.4381743907928467,0.0012532577674031486,-0.0161690152437578,-0.3556338028169014,-0.3556338028169014,0.5634111910227952,-0.016864643555042136,1.4673838289986787,1.4774467976417667,10.507803519389457,26.794865272094572
2019-10-04 00:00:00-04:00,11840800.0,0.06324303236406466,35.48414676373399,0.43652925491333006,-0.0037545231170170723,0.011378161055340064,-0.3770491803278688,-0.3770491803278688,0.02921292369302808,0.03758779448289418,1.4786977456424073,1.4736852086111962,10.034515814942532,26.321577567647648
2019-10-07 00:00:00-04:00,11840800.0,0.0646810639653984,30.900093586144123,0.4381743907928467,0.0037686726857362185,0.0012498909854681273,-0.4956140350877193,-0.4956140350877193,0.022738182335337198,-0.12918594909755376,1.4799468561643994,1.4774467976417667,9.350102314351341,25.637164067056457
2019-10-08 00:00:00-04:00,11840800.0,0.06739231874556968,36.06328564680333,0.43707756996154795,-0.0025031605094814058,-0.009987598984843027,0.6521739130434783,0.6521739130434783,0.041917287903948,0.1670930881249637,1.4699090465103812,1.4749404989880708,9.852194258148577,26.139256010853693
2019-10-09 00:00:00-04:00,11840800.0,0.06486566183026253,39.156414920512816,0.43762593269348155,0.0012546119261664934,0.008827137282070074,-0.12631578947368416,-0.12631578947368416,-0.037491764081396206,0.0857694804628446,1.4786974523743075,1.4761943245463502,9.717157974344635,26.00421972704975
2019-10-10 00:00:00-04:00,11840800.0,0.02713128783171155,40.781947792239116,0.44146480560302737,0.008772041651915918,0.0037500565085439863,0.1807228915662651,0.1807228915662651,-0.5817311183425916,0.04151383304692513,1.4824404949505687,1.4849281153700415,9.883284845218608,26.170346597923725
2019-10-11 00:00:00-04:00,11840800.0,0.04100379420753563,50.6926743385956,0.4496908187866211,0.018633451815841306,0.013698666070951715,0.2142857142857142,0.2142857142857142,0.5113102799200573,0.2430174889352028,1.496046182454718,1.5033900912728857,10.077440859659566,26.36450261236468
2019-10-14 00:00:00-04:00,11840800.0,0.04795834981795281,47.02956526528868,0.4474972724914551,-0.004877898777397194,0.004914146916248585,0.9411764705882353,0.9411764705882353,0.1696076118033749,-0.0722611130917975,1.500948294362771,1.4985002567170824,10.74073507706983,27.027796829774946
2019-10-15 00:00:00-04:00,11840800.0,0.061464951457235344,58.903975579489014,0.45407800674438475,0.014705641033947003,0.007334671847051721,-0.474025974025974,-0.474025974025974,0.2816319095747213,0.2524882007141267,1.5082561983137357,1.5130988183165892,10.09823162932864,26.385293382033755
2019-10-16 00:00:00-04:00,11898900.0,0.06834920034326031,58.08619335766092,0.45572338104248045,0.0036235498607224415,0.0012138977850670862,0.03703703703703698,0.042125532058644666,0.11200283613360895,-0.013883311165042267,1.5094693599205895,1.5167158189367467,10.134599273499514,26.42655579033392
2019-10-17 00:00:00-04:00,11732600.0,0.06456726966224034,56.26232618071841,0.45298128128051757,-0.006017026722855978,0.008484652302578777,-0.5436507936507937,-0.5500287674984496,-0.055332478829694054,-0.031399323514147204,1.5179182198754004,1.510680616964617,9.350102314351341,25.62798416429835
2019-10-18 00:00:00-04:00,11732600.0,0.053061902948300266,51.97744997671509,0.45517492294311523,0.004842676183873573,-0.006009458693329139,1.0,1.0,-0.17819193492501884,-0.07615888810284888,1.5118906317165046,1.515511605111244,10.232791299678729,26.510673149625738
2019-10-21 00:00:00-04:00,11732600.0,0.0519710525144525,69.41186940706172,0.46230416297912597,0.015662637980831118,0.019346991819002568,0.5359712230215827,0.5359712230215827,-0.020558072237074065,0.33542275425510315,1.531052849895516,1.531052849895516,10.661954199216716,26.939836049163727
2019-10-22 00:00:00-04:00,11732600.0,0.04939986493009803,75.64123001120326,0.45956220626831057,-0.005931066450161393,-0.0035586457544418693,-0.15925058548009363,-0.15925058548009363,-0.0494734560867216,0.08974489028108201,1.527487857098881,1.5251041248131023,10.48849257447637,26.76637442442338
2019-10-23 00:00:00-04:00,11732600.0,0.042208631960863864,69.87938049722815,0.4562716007232666,-0.007160304960157626,-0.002381245588732317,-0.5933147632311977,-0.5933147632311977,-0.14557191561980842,-0.0761733979355137,1.5251037718360017,1.517918061838911,9.588776807696428,25.866658657643438
2019-10-24 00:00:00-04:00,11732600.0,0.03742475966362284,74.71249204212361,0.46011061668395997,0.0084138832103684,3.4055350406347884e-07,-0.0273972602739726,-0.0273972602739726,-0.1133387194751222,0.06916362896329864,1.5251041123894475,1.5262967456386072,9.560997243589352,25.838879093536363
2019-10-25 00:00:00-04:00,11732600.0,0.030697582530802993,70.45442868378521,0.4579169750213623,-0.004767639743693208,0.0035798557837454226,0.5845070422535212,0.5845070422535212,-0.1797520463266653,-0.056992656006410125,1.5286775757409248,1.521517704447454,10.021270588192511,26.299152438139522
2019-10-28 00:00:00-04:00,11732600.0,0.028319417546997742,76.23750102230119,0.4661430358886719,0.017964088068422868,-0.0023780008960272436,-0.23111111111111116,-0.23111111111111116,-0.07747075788195767,0.08208245310556217,1.526296742910314,1.5393223450069993,9.75846178048587,26.03634363043288
2019-10-29 00:00:00-04:00,11732600.0,0.010703679349100785,76.4704478324432,0.4672397613525391,0.0023527659525715006,0.003575424008463557,1.0,1.0,-0.6220374472272461,0.0030555410004042827,1.5298657902852828,1.5416723475393623,10.969920942840002,27.247802792787013
2019-10-30 00:00:00-04:00,11732600.0,0.030813700569173846,74.73668024909664,0.4672397613525391,0.0,0.014251767751990219,-0.8433734939759037,-0.8433734939759037,1.0,-0.02267238694803353,1.5440169563036288,1.5416723475393623,9.116029692504942,25.39391154245195
2019-10-31 00:00:00-04:00,11732600.0,0.031160292251874368,65.8822133408894,0.464497709274292,-0.005868618865632391,-0.01053871154878494,1.0,1.0,0.01124797334622163,-0.1184755180280338,1.5334223192655292,1.5357864406590063,10.114558522616068,26.39244037256308
2019-11-01 00:00:00-04:00,11732600.0,0.043969494460343234,73.11796691810304,0.4710784912109375,0.014167522907544638,0.016567974406366925,0.34008097165991913,0.34008097165991913,0.4110745208976132,0.10982863523079023,1.5498545421503267,1.5498545421503267,10.407288561365155,26.685170411312164
2019-11-04 00:00:00-05:00,11732600.0,0.05526934977530535,70.58809088091392,0.47327227592468263,0.004656940944397281,0.006985172732621114,-0.5800604229607251,-0.5800604229607251,0.25699306880031636,-0.034599923162835444,1.5568154315803568,1.5545006730932776,9.539644119118783,25.81752596906579
2019-11-05 00:00:00-05:00,11732600.0,0.05370557800096152,61.956296764645,0.4677881717681885,-0.011587630282756889,-0.00809255169974643,1.0,1.0,-0.02829365246201132,-0.12228400015565288,1.548689957446134,1.5428453830372517,10.3797217315325,26.65760358147951
2019-11-06 00:00:00-05:00,11761000.0,0.044100385855593456,65.51707251258014,0.4677881717681885,0.0,-0.003496472405355444,-0.3198757763975155,-0.3182294637344817,-0.17884906005845602,0.05747237865848498,1.5451873580951712,1.5428453830372517,9.994241915804592,26.274541446637766
2019-11-07 00:00:00-05:00,11761000.0,0.033465450754750624,65.90892473564506,0.4705302238464356,0.005861738803446981,-0.001169566200622696,1.0,1.0,-0.24115288096722975,0.005980917767497651,1.544017107418254,1.548690008692437,10.799575577092764,27.079875107925936
2019-11-08 00:00:00-05:00,11761000.0,0.03422696754666196,54.21687630489187,0.4661430358886719,-0.009323923810674484,-0.0023417850712296184,0.1612244897959183,0.1612244897959183,0.022755312560768015,-0.17739704414309554,1.5416725760800822,1.5393223450069993,10.949050620114422,27.229350150947596
2019-11-11 00:00:00-05:00,11799300.0,0.0514448923518774,55.55532894009442,0.464497709274292,-0.003529660399716472,-0.019953334960260194,-0.4428822495606327,-0.44106798122955304,0.5030514252173253,0.02468701124859507,1.5215174850163806,1.5357864406590063,10.364071959865372,26.647622725507745
2019-11-12 00:00:00-05:00,11799300.0,0.05349208302348631,52.94134495386566,0.4590137958526611,-0.011806115104848747,0.010778658657024431,1.0,1.0,0.0397938566496816,-0.04705190368051693,1.5322384680062644,1.523910079944652,11.161948542146133,27.445499307788506
2019-11-13 00:00:00-05:00,11799300.0,0.05268274295588153,44.7058390285369,0.45517492294311523,-0.008363306166898177,-0.010663552999193415,-0.3764204545454546,-0.3764204545454546,-0.015130090694905896,-0.15555906130653407,1.5215176518763482,1.515511605111244,10.689669599063263,26.973220364705636
2019-11-14 00:00:00-05:00,11799300.0,0.06188321413980627,44.7058390285369,0.45298128128051757,-0.0048193376920103725,-0.01077852579474059,-0.2710706150341685,-0.2710706150341685,0.17463918292237657,0.0,1.510680616964617,1.510680616964617,10.373491181781864,26.657041947424236
2019-11-15 00:00:00-05:00,11898900.0,0.06393216858155157,30.6666836701571,0.4502392768859863,-0.006053239963426216,-0.001210629451773082,0.2250000000000001,0.2353404439246396,0.03311001974002692,-0.3140340426094731,1.5094692541090293,1.50460898187318,10.576432025778553,26.868388542612962
2019-11-18 00:00:00-05:00,12001100.0,0.057067478668507234,35.802523471028664,0.45462646484375,0.009744125363977618,-7.890182074365981e-08,-0.4336734693877551,-0.42880927425807325,-0.10737458255131405,0.16747294412761837,1.5094691752072054,1.5143059394062546,10.00784756786037,26.308356438078178
2019-11-19 00:00:00-05:00,12001100.0,0.03850019649894988,39.53496131249378,0.4573685169219971,0.006031439632951052,0.007272831710700478,0.472972972972973,0.472972972972973,-0.32535662347044836,0.10425069183979163,1.5167156874118757,1.5203192627156945,10.395130356885344,26.695639227103154
2019-11-20 00:00:00-05:00,12001100.0,0.037596896261368015,37.3626961619899,0.45188441276550295,-0.011990558933529405,-1.0702251784788785e-07,-0.17431192660550454,-0.17431192660550454,-0.02346222408518106,-0.054945422441007974,1.5167155803893522,1.5082562371710637,10.203592144986466,26.504101015204274
2019-11-21 00:00:00-05:00,12001100.0,0.020623925150479238,27.84833392950509,0.45188441276550295,0.0,-0.002406793833181764,-0.10370370370370374,-0.10370370370370374,-0.4514460713165048,-0.2546487060578898,1.5143058855722444,1.5082562371710637,10.094107912144779,26.394616782362586
2019-11-22 00:00:00-05:00,12001100.0,0.01480249167820021,23.376635108766465,0.45078768730163576,-0.0024270044128216206,-0.0036186658645198655,-0.16942148760330578,-0.16942148760330578,-0.28226602985628824,-0.16057329792361097,1.5106806564982465,1.505826282809039,9.908475094047168,26.208983964264977
2019-11-25 00:00:00-05:00,12001100.0,0.014410291132281386,26.865725876572668,0.45078768730163576,0.0,0.0012106814291441559,1.0,1.0,-0.02649557618035503,0.14925547460411703,1.5118906056436112,1.505826282809039,10.872370734529454,27.172879604747262
2019-11-26 00:00:00-05:00,12001100.0,0.01671105922609138,25.714356693911114,0.4491425037384033,-0.0036495751982054125,-0.004836726725566565,-0.46489563567362424,-0.46489563567362424,0.15966145809892063,-0.04285643306088993,1.5070421441013104,1.5021700316634057,10.247077256926206,26.547586127144015
2019-11-27 00:00:00-05:00,12001100.0,0.0240831663118638,19.999999999999943,0.4491425037384033,0.0,-0.0048602629499244765,0.4184397163120568,0.4184397163120568,0.4411513947758723,-0.22222436913089372,1.5021700316634057,1.5021700316634057,10.596634733096073,26.897143603313882
2019-11-29 00:00:00-05:00,12001100.0,0.02829398399174966,22.413728485528097,0.4485940456390381,-0.0012211226833358513,-0.00244215165679329,-0.6,-0.6,0.17484485326215338,0.12068642427640808,1.4997248930902622,1.5009481628022543,9.680344001221918,25.980852871439726
2019-12-02 00:00:00-05:00,12001100.0,0.03663179267876601,22.807060363330166,0.4474972724914551,-0.00244491240631739,-0.008567763589993227,1.0,1.0,0.29468485913640174,0.01754870360172478,1.491120215213983,1.4985002567170824,10.521372248595526,26.821881118813334
2019-12-03 00:00:00-05:00,12001100.0,0.03629813654810193,23.63630902318876,0.4431100368499756,-0.009803938283363012,0.00246904826071237,0.8625336927223719,0.8625336927223719,-0.00910837571041101,0.03635929605342225,1.4935862203830361,1.4886479433938427,11.143310009755762,27.44381887997357
2019-12-04 00:00:00-05:00,12001100.0,0.03460157196664236,29.99977392916331,0.44420676231384276,0.0024750634665458016,-2.4014107702363674e-07,-0.3227206946454414,-0.3227206946454414,-0.046739715665879866,0.2692241373105919,1.4935859802419302,1.491119948935473,10.753638481905739,27.054147352123547
2019-12-05 00:00:00-05:00,12001100.0,0.02610940219704511,39.21560604355698,0.44694881439208983,0.006172918358927859,1.7227013704435024e-07,-0.24145299145299148,-0.24145299145299148,-0.24542728225712185,0.30719671875376364,1.4935861525120526,1.497273892878844,10.477287975463508,26.777796845681316
2019-12-06 00:00:00-05:00,12001100.0,0.017750201700497664,50.94340860806012,0.45078768730163576,0.008589066098692477,0.0036945773775465263,0.7971830985915493,0.7971830985915493,-0.3201605472795346,0.2990595772376181,1.4972739217023634,1.505826282809039,11.06350846933288,27.36401733955069
2019-12-09 00:00:00-05:00,12001100.0,0.015137399159904563,43.478375926205956,0.45133609771728517,0.0012165603256204527,0.002454147667455331,-0.34012539184952983,-0.34012539184952983,-0.1471984704556819,-0.14653579110277803,1.499725062867361,1.507042103724777,10.647803019670473,26.94831188988828
2019-12-10 00:00:00-05:00,11898900.0,0.01925933386601565,35.71431528912959,0.45078768730163576,-0.001215082104939258,0.003671834124751472,0.08551068883610458,0.07626660351067183,0.2723013816685982,-0.17857292209474396,1.5033901722655525,1.505826282809039,10.729853576882297,27.021810093716702
2019-12-11 00:00:00-05:00,11898900.0,0.023994132182331623,61.36381601308997,0.4573685169219971,0.014598512350134207,0.0036584908510932657,-0.700218818380744,-0.700218818380744,0.24584434483846973,0.7181854255446796,1.5070419871167606,1.5203192627156945,9.525151111816216,25.817107628650625
2019-12-12 00:00:00-05:00,11898900.0,0.04606993451475728,64.58360882615602,0.45956220626831057,0.004796327830075775,0.015796054833669304,1.0,1.0,0.9200500424300173,0.05247054408055729,1.522714582691971,1.5251041248131023,10.666627104916108,26.958583621750517
2019-12-13 00:00:00-05:00,11898900.0,0.057292686379268314,70.58822526528274,0.46230416297912597,0.005966453884622913,0.003588443490174731,-0.35664335664335667,-0.35664335664335667,0.24360251393272825,0.0929743095541431,1.5262966030801774,1.531052849895516,10.225571051705241,26.51752756853965
2019-12-16 00:00:00-05:00,11968500.0,0.06408848086381826,73.68415432584646,0.4655945301055908,0.007117320997633847,0.0059593313338826,0.17391304347826098,0.18077958978305264,0.1186153925400335,0.043859001255927454,1.5322382478311072,1.5381449623051253,10.38591370178042,26.683702458179003
2019-12-17 00:00:00-05:00,11968500.0,0.08409406557325437,79.66089455456489,0.4683365345001221,0.005889253883436751,0.018957390927907047,0.712962962962963,0.712962962962963,0.312155701614242,0.08111296497056952,1.5510181866026485,1.5440169423198624,10.924138299734526,27.221927056133108
2019-12-18 00:00:00-05:00,11968500.0,0.08212963519431148,81.24985564898181,0.4710784912109375,0.005854671820002322,-0.005814125128897341,-0.6252252252252253,-0.6252252252252253,-0.023359916844925,0.01994656353411317,1.5451870936475696,1.5498545421503267,9.94270826568941,26.240497022087993
2019-12-19 00:00:00-05:00,11968500.0,0.07502134121998699,82.53966939525306,0.4710784912109375,0.0,0.004678358007099481,-0.21634615384615385,-0.21634615384615385,-0.0865496840148734,0.015874658926700702,1.5498545421503267,1.5498545421503267,9.698920386794853,25.996709143193435
2019-12-20 00:00:00-05:00,11898900.0,0.0592098909179744,86.15383174794698,0.47327227592468263,0.004656940944397281,0.003492769539537255,0.7730061349693251,0.7626956343223046,-0.21075936586695077,0.04378697393839781,1.5533412261365094,1.5545006730932776,10.271596874100524,26.56355339093493
2019-12-23 00:00:00-05:00,12048300.0,0.04884584173715195,88.88865886327784,0.4699817657470703,-0.006952678922895417,-0.0034803870596568087,1.0,1.0,-0.17503915342759435,0.03174353432511179,1.5498547684402737,1.5475237116805884,11.360939107972346,27.665373237082555
2019-12-24 00:00:00-05:00,12048300.0,0.03350820069072055,80.59688902385531,0.4666913509368896,-0.0070011541936106925,0.0011641211718917965,-0.43655413271245636,-0.43655413271245636,-0.31400095690777396,-0.09328265208924269,1.5510182125485192,1.5404979344130285,10.787255092704724,27.09168922181493
2019-12-26 00:00:00-05:00,12048300.0,0.020519519326605597,80.88220627009112,0.4699817657470703,0.007050515942871316,-0.01046508432970683,0.6280991735537189,0.6280991735537189,-0.38762694195370273,0.0035400528443643164,1.5404979841615922,1.5475237116805884,11.27466827584597,27.579102404956178
2019-12-27 00:00:00-05:00,12048300.0,0.022800644132242295,81.68998388368823,0.4754658222198486,0.011668657961785067,0.014101045354896868,0.4276649746192893,0.4276649746192893,0.11116853028223694,0.00998708678766369,1.5545005346172047,1.559124815853257,11.630708500626612,27.93514262973682
2019-12-30 00:00:00-05:00,12048300.0,0.03206465150390455,75.35689776268583,0.47237286567687986,0.0387137047434718,0.008793674876469648,-0.37955555555555553,-0.37955555555555553,0.40630463411172046,-0.07752585837230141,1.5632557703181333,1.5971079411484608,11.153389288750464,27.457823417860673
2019-12-31 00:00:00-05:00,12048300.0,0.03182608528787009,79.22121018762527,0.4779964447021484,-0.03214677719330039,-0.010600578378911263,1.0,1.0,-0.007440162448215215,0.05128014209275111,1.5525986055540228,1.5644331086140895,12.571756883626493,28.8761910127367
2020-01-02 00:00:00-05:00,12048300.0,0.0442681386147874,78.52000237165532,0.48305745124816896,0.010587958555160704,0.016666411832340966,-0.8654179673950746,-0.8654179673950746,0.3909388545395296,-0.008851263623835481,1.5691276568484882,1.574965407274465,10.566175525611365,26.870609654721573
2020-01-03 00:00:00-05:00,12048300.0,0.047986117861240955,69.24080746949096,0.4779964447021484,-0.010477028214642803,-0.0023415713959071827,-0.028350515463917536,-0.028350515463917536,0.08398770227966157,-0.11817619233177745,1.566783339687172,1.5644331086140895,10.537415373436103,26.84184950254631
2020-01-06 00:00:00-05:00,12048300.0,0.04650540638061768,69.64142032878236,0.48137054443359373,0.007058838551712965,-0.010563431366901188,0.35013262599469486,0.35013262599469486,-0.030857080060216036,0.005785791268652085,1.5561637192291058,1.571467150188474,10.837618202538614,27.142052331648824
2020-01-07 00:00:00-05:00,12048300.0,0.03607693627286706,67.8333944022052,0.48193278312683113,0.0011679956319283757,0.015420982095409208,-0.34577603143418467,-0.34577603143418467,-0.22424210257190558,-0.02596193354531451,1.5714670064185516,1.5726344642441714,10.413312675968536,26.717746805078743
2020-01-08 00:00:00-05:00,12048300.0,0.034881681296894146,66.65612800055247,0.48305745124816896,0.002333661790013153,-0.0011683645768498785,-0.3843843843843844,-0.3843843843843844,-0.0331307228233747,-0.01735526302387813,1.5702979587717079,1.574965407274465,9.9281801651265,26.232614294236708
2020-01-09 00:00:00-05:00,12048300.0,0.040792021924901556,61.9298711060998,0.48137054443359373,-0.003492145313598649,0.005848234399284724,0.7121951219512195,0.7121951219512195,0.1694396717205735,-0.0709050620884174,1.576129158630588,1.571467150188474,10.465956409453957,26.770390538564165
2020-01-10 00:00:00-05:00,12048300.0,0.02988275603272848,65.52528419442544,0.4858692169189453,0.009345549987161972,-0.004651389923770677,-0.2934472934472935,-0.2934472934472935,-0.26743626271473186,0.0580562017021784,1.5714669173303082,1.5807693007084096,10.118598932153073,26.423033061263283
2020-01-13 00:00:00-05:00,12048300.0,0.042668046834481665,68.53374314967738,0.4926172733306885,0.0138886271794183,0.014018429588475989,0.939516129032258,0.939516129032258,0.4278484483743854,0.04591294783743782,1.585387997470698,1.5945623647163027,10.781037456093852,27.08547158520406
2020-01-14 00:00:00-05:00,12048300.0,0.06054170817784364,76.16138199804881,0.49880328178405764,0.012557433099217752,0.010369074949338142,0.47401247401247404,0.47401247401247404,0.41890038727804146,0.11129756668496427,1.5957036823158863,1.607041607154722,11.169025712520218,27.473459841630426
2020-01-15 00:00:00-05:00,12048300.0,0.0649690187681005,78.44457877946529,0.4971161365509033,-0.0033823859921690014,0.007981489256364549,0.08885754583921024,0.08885754583921024,0.07312827344169848,0.029978405348198178,1.6036534879634743,1.6036534879634743,11.254154736012868,27.558588865123077
2020-01-16 00:00:00-05:00,11898900.0,0.07345462880697941,77.77841097622962,0.49880328178405764,0.0033938653548042375,0.0022626175034357043,-0.16709844559585496,-0.17742649953109713,0.13061010001039608,-0.008492209577777077,1.6059135496024963,1.607041607154722,11.071314910225711,27.36327142706012
2020-01-17 00:00:00-05:00,11939200.0,0.0748761204581731,77.59581274488363,0.5038645267486572,0.010146775591566293,0.0045148642732302235,-0.14152410575427687,-0.13861656148227663,0.019351968341287495,-0.00234767243318712,1.6104182524495174,1.617137249817505,10.918718232265187,27.214055894274164
2020-01-21 00:00:00-05:00,11790700.0,0.07233964327798818,62.28082767977281,0.48811874389648435,-0.03125003253111991,0.0011235567168517147,0.5108695652173914,0.4920773404087959,-0.03387564906760665,-0.1973687048740994,1.611541178448908,1.5853885179224132,11.331403588346838,27.61422523144737
2020-01-22 00:00:00-05:00,11790700.0,0.053518567186796415,62.93111640343914,0.494866943359375,0.013824913604058908,-0.0246913475491074,-0.5887290167865707,-0.5887290167865707,-0.2601765123290113,0.010441234451955106,1.5865398869842793,1.5991187391528638,10.442900633154032,26.725722276254565
2020-01-23 00:00:00-05:00,11790700.0,0.04899373719059291,55.65221238285541,0.49036803245544436,-0.009091152610417041,0.00345206755977423,0.1020408163265305,0.1020408163265305,-0.08454691958419669,-0.11566462565068913,1.5899860098359293,1.5899860098359293,10.54006438160768,26.822886024708215
2020-01-24 00:00:00-05:00,11790700.0,0.05075996029460527,58.7155535087501,0.4886810302734375,-0.003440277649339074,0.0022936899688754675,0.24603174603174605,0.24603174603174605,0.0360499771050633,0.055044372806253516,1.5922770733134393,1.586539800823841,10.760028280004509,27.04284992310504
2020-01-27 00:00:00-05:00,12027300.0,0.0850811584308287,43.60903022613818,0.47181062698364257,-0.0345223207873554,-0.02974827788794887,0.4522292993630572,0.481370694889133,0.6761470642811171,-0.2572831622946493,1.5620773394945389,1.551407505071879,11.133128103610641,27.43581772746858
2020-01-28 00:00:00-05:00,12027300.0,0.1058978107033856,44.85302002877992,0.4740600109100342,0.004767556722433897,-0.007075427866422457,-0.2178362573099415,-0.2178362573099415,0.2446681810224871,0.028525968043566552,1.554976762088992,1.5561637329886417,10.887436932884098,27.190126556742037
2020-01-29 00:00:00-05:00,12027300.0,0.10120790661091983,41.25881216545792,0.4689988136291504,-0.010676279720721493,0.005938157685627887,0.28411214953271036,0.28411214953271036,-0.044287073182295966,-0.0801330180446218,1.5608973584034374,1.5454300528796163,11.13750447821044,27.44019410206838
2020-01-30 00:00:00-05:00,12027300.0,0.09608624532224323,40.13608502891638,0.46506242752075205,-0.008393168583814226,-0.020070767527554212,-0.10771470160116448,-0.10771470160116448,-0.050605347548251634,-0.0272118143401493,1.5406224367157124,1.5370014633209734,11.023535121924303,27.32622474578224
2020-01-31 00:00:00-05:00,11898900.0,0.10623842338346316,34.45957675492245,0.46000123023986816,-0.010882834177478373,-0.006024227500297408,-0.48450244698205547,-0.49000575078319986,0.10565693380121877,-0.14143153897307725,1.534579990350351,1.526058977925969,10.360912399575003,26.65286891640941
2020-02-03 00:00:00-05:00,11928000.0,0.10357579721147867,28.261160758174555,0.4588765621185303,-0.0024449241597711557,-0.0072726592282148506,0.5569620253164558,0.5607697382089676,-0.025062741776333164,-0.17987498920347222,1.527280756411744,1.5236110600585369,10.803648902480399,27.098048037907112
2020-02-04 00:00:00-05:00,11928000.0,0.0649345396167812,26.666742038674627,0.46337528228759767,0.009803769772632975,0.009767974772213472,0.19512195121951215,0.19512195121951215,-0.3730722681844354,-0.05641731184161436,1.5370013329251018,1.5333670846816432,10.981897133886719,27.27629626931343
2020-02-05 00:00:00-05:00,12055800.0,0.054893425165502614,32.394493194120585,0.4689988136291504,0.012136019240798435,0.0048368044069397875,0.15986394557823136,0.1722910592808553,-0.1546344135268749,0.2147900612357907,1.5418264775757975,1.5454300528796163,11.130199843831553,27.435256273732254
2020-02-06 00:00:00-05:00,12055800.0,0.05143770121490993,35.999984171830604,0.47518458366394045,0.013189308490834106,0.008423450811870126,-0.16422287390029322,-0.16422287390029322,-0.06295333075270382,0.11129950254521637,1.5502146491029771,1.5585331397494606,10.950806546816688,27.25586297671739
2020-02-07 00:00:00-05:00,12055800.0,0.04823459330483129,36.42377821079408,0.48080811500549314,0.011834414530438098,0.008353234847524815,-0.2596491228070176,-0.2596491228070176,-0.062271599127182165,0.01177206181371293,1.558533188761767,1.5702980752216977,10.650175500024103,26.955231929924803
2020-02-10 00:00:00-05:00,11967900.0,0.07044057380226584,45.599909914982334,0.48193278312683113,0.002339120506160919,0.011834362185305869,-0.24407582938388628,-0.24958734538424765,0.4603745771649399,0.25192695966584067,1.5702980725010993,1.5726344642441714,10.370361288772935,26.668099912319448
2020-02-11 00:00:00-05:00,11967900.0,0.08812408288451862,42.37283263785641,0.48474459648132323,0.005834451303040167,0.009356839566917241,0.08150470219435735,0.08150470219435735,0.2510415251853606,-0.07076937834181185,1.5796114080078,1.5784519610510317,10.448714603019452,26.746453226565965
2020-02-12 00:00:00-05:00,11967900.0,0.08650290966521317,47.82610298563369,0.48755631446838377,0.005800411201012601,0.0034761397999454324,-0.017391304347826098,-0.017391304347826098,-0.018396483302185462,0.12869732817685775,1.5830815199987567,1.584235614636475,10.431170293368542,26.728908916915056
2020-02-13 00:00:00-05:00,11967900.0,0.07979270695273935,47.826032457621494,0.4858692169189453,-0.0034603131974160206,-1.3688823630175762e-07,-0.327433628318584,-0.327433628318584,-0.07757198848505664,-1.4746761243245032e-06,1.5830813831105108,1.5807693007084096,10.034515814942532,26.332254438489045
2020-02-14 00:00:00-05:00,11967900.0,0.06692168897053731,65.90898360301904,0.48755631446838377,0.003472328541694658,0.0034643098220188406,0.5175438596491229,0.5175438596491229,-0.16130569413850637,0.37809850025549974,1.5865397060342543,1.584235614636475,10.451608961045816,26.74934758459233
2020-02-18 00:00:00-05:00,11967900.0,0.04645358329514558,53.465337391121835,0.4779964447021484,-0.01960772424137125,-0.009205846678438379,-0.3497109826589595,-0.3497109826589595,-0.30585160043409754,-0.18880045680642554,1.5772912236825731,1.5644331086140895,10.021270588192511,26.319009211739026
2020-02-19 00:00:00-05:00,11967900.0,0.03349458340961093,55.67003189816364,0.47518458366394045,-0.005882598227190061,-0.009291735078463592,1.0,1.0,-0.27896663650678744,0.041235959868980654,1.567956051151472,1.5585331397494606,10.772686676876432,27.070425300422947
