Date,Capital Gains,SharesOutstanding,Volatility,RSI,P/E Ratio,% Change Adj Close,% Change Open,% Change Volume,% Change Market Cap,% Change Volatility,% Change RSI,Log Open,Log Adjusted Close,Log Volume,Log Market Cap
2019-01-07 00:00:00-05:00,0.0,7850000.0,,,2.8568351745605467,,,,,,,3.3410226217815664,3.3522995227900485,13.119559450071595,28.995583539830186
2019-01-08 00:00:00-05:00,0.0,7850000.0,,,2.891310119628906,0.012067530313036867,0.02239378303085693,-0.29001203369434414,-0.29001203369434414,,,3.363169345644095,3.3642948209873413,12.777052192115912,28.6530762818745
2019-01-09 00:00:00-05:00,0.0,7850000.0,,,2.9174909591674805,0.00905500913265378,0.005236333155348882,-0.10169491525423724,-0.10169491525423724,,,3.368392016878481,3.373309079339191,12.669806661762314,28.545830751520906
2019-01-10 00:00:00-05:00,0.0,7850000.0,,,2.930989074707031,0.004626617778244135,-0.0022962014901986016,-0.17169811320754713,-0.17169811320754713,,,3.366093175075072,3.377925027219106,12.481429068291318,28.35745315804991
2019-01-11 00:00:00-05:00,0.0,7850000.0,,,2.9230199813842774,-0.0027189092554192884,0.006006943290646438,-0.43735763097949887,-0.43735763097949887,,,3.372082148608172,3.3752024150164086,11.906317991844123,27.782342081602714
2019-01-14 00:00:00-05:00,0.0,7850000.0,,,2.896838760375977,-0.008956907983879603,-0.006250426419388999,0.04048582995951411,0.04048582995951411,,,3.3658121064932125,3.366205152785304,11.946005740111366,27.822029829869958
2019-01-15 00:00:00-05:00,0.0,7850000.0,0.30225617822775724,,2.95147762298584,0.01886154775240967,0.004998070481406991,0.47470817120622577,0.47470817120622577,,,3.3707977280834105,3.384891027090421,12.334465860298574,28.210489950057163
2019-01-16 00:00:00-05:00,0.0,7850000.0,0.2325555920355422,,2.9534292221069336,0.0006612278222593027,0.016484126773945063,0.005277044854881341,0.005277044854881341,-0.23060103055922976,,3.3871474664785866,3.385552036397884,12.339729030342847,28.21575312010144
2019-01-17 00:00:00-05:00,0.0,7800000.0,0.23890169982481127,,2.9729429244995123,0.0066071339196196455,-0.005552216696222301,1.0,1.0,0.027288562419514495,,3.381579778935673,3.392137438877359,13.305684434531367,29.175318726191186
2019-01-18 00:00:00-05:00,0.0,7800000.0,0.3778155032648611,,3.0105070114135746,0.012635320578980203,0.01929236956307334,-0.5504495504495505,-0.5504495504495505,0.5814684597971322,,3.400688410141945,3.4046935999001047,12.506177237980511,28.37581152964033
2019-01-22 00:00:00-05:00,0.0,7800000.0,0.39904695368154247,,2.950827217102051,-0.019823835016913427,-0.0032539419611941067,0.4044444444444444,0.4044444444444444,0.05619528641151983,,3.3974291625991113,3.384670636614482,12.845819049363003,28.715453341022823
2019-01-23 00:00:00-05:00,0.0,7800000.0,0.3846497218155758,,2.954892539978028,0.0013776892297916454,-0.006420376630371205,-0.5268987341772151,-0.5268987341772151,-0.036079042160678476,,3.3909880867050908,3.386047377701198,12.097373228606832,27.96700752026665
2019-01-24 00:00:00-05:00,0.0,7800000.0,0.29466450208732464,,2.985464668273925,0.010346274147798429,-0.002409346503447818,0.4448160535117056,0.4448160535117056,-0.23394068583623062,,3.3885758330558695,3.396340495487101,12.465355243460257,28.334989535120076
2019-01-25 00:00:00-05:00,0.0,7800000.0,0.23924986179188346,74.17178175013821,3.0324602127075195,0.015741450546378655,0.015534721474031343,-0.1620370370370371,-0.1620370370370371,-0.18806011549711166,,3.403991126015349,3.4119593344497368,12.288573867041917,28.158208158701736
2019-01-28 00:00:00-05:00,0.0,7750000.0,0.23189049157451916,66.68011860360399,2.991644287109375,-0.013459673906719538,-0.005837578942432198,-0.18784530386740328,-0.1930514237144071,-0.03076018586696616,-0.10100422249220486,3.3981364418075866,3.3984082580403348,12.080509422554828,27.943712823884358
2019-01-29 00:00:00-05:00,0.0,7750000.0,0.16524230690097425,58.05538473138204,2.956518745422364,-0.011741215972220553,0.00250090809286041,-0.13265306122448983,-0.13265306122448983,-0.287412322174181,-0.12934490898994577,3.400634227834053,3.38659756966276,11.938193200374572,27.801396601704102
2019-01-30 00:00:00-05:00,0.0,7750000.0,0.16576347193680335,63.47095153260459,3.042705535888672,0.029151443940530486,0.00021712173123522582,0.43137254901960786,0.43137254901960786,0.003153944323359248,0.09328276483361497,3.4008513259977766,3.4153321915265087,12.296827008798639,28.16003041012817
2019-01-31 00:00:00-05:00,0.0,7750000.0,0.31092202141714176,65.39597491817386,3.082058143615723,0.012933426275690163,0.01957469070295259,0.0,0.0,0.8756968455371128,0.030329203188019127,3.420236896438769,3.428182695260975,12.296827008798639,28.16003041012817
2019-02-01 00:00:00-05:00,0.0,7750000.0,0.38770636685600424,66.27478760795918,3.0805946350097657,-0.00047484782497975164,0.004839644140110844,0.0657534246575342,0.0657534246575342,0.24695692215330878,0.0134383299719123,3.4250648671495236,3.427707734660064,12.360508998834593,28.22371240016412
2019-02-04 00:00:00-05:00,0.0,7750000.0,0.39293803619688605,72.64767467615354,3.123850631713867,0.014041443886356753,0.0031757024607295126,-0.2005141388174807,-0.2005141388174807,0.013493895865849703,0.09615854381748346,3.428235537717575,3.4416515106766288,12.136722567395381,27.99992596872491
2019-02-05 00:00:00-05:00,0.0,7750000.0,0.5340245099811246,71.46242943719298,3.157674026489257,0.010827468647831351,0.016249561363534504,0.5562700964630225,0.5562700964630225,0.3590552728103562,-0.016314978342309105,3.444354487974767,3.4524207819954382,12.579014561932778,28.44221796326231
2019-02-06 00:00:00-05:00,0.0,7750000.0,0.6089123456243702,70.22417347142598,3.1500312805175783,-0.0024203720547355534,0.008462392108490535,0.20661157024793386,0.20661157024793386,0.1402329560601865,-0.017327370137273035,3.4527812747728723,3.449997476105323,12.766830638044373,28.630034039373903
2019-02-07 00:00:00-05:00,0.0,7750000.0,0.5336182989449875,62.58708353750664,3.102385711669922,-0.015125427211576059,-0.012457923857350783,-0.5034246575342466,-0.5034246575342466,-0.12365334225926605,-0.10875300564451429,3.4402451004103347,3.4347564929165606,12.066810578196666,27.930013979526194
2019-02-08 00:00:00-05:00,0.0,7800000.0,0.37207237042928293,60.64545129265458,3.114581298828125,0.003931035110279257,-0.013814474169879687,0.1206896551724137,0.12791991101223577,-0.30273686047704085,-0.031022890588734642,3.426334318402063,3.438679821697619,12.180754837545884,28.050389129205705
2019-02-11 00:00:00-05:00,0.0,7800000.0,0.3337258130801275,69.47262784772813,3.120110511779785,0.001775266856492319,0.0174438694070016,-0.08923076923076922,-0.08923076923076922,-0.1030620932828542,0.14555381099361542,3.4436277900130565,3.4404535146303865,12.087289109540206,27.956923401200026
2019-02-12 00:00:00-05:00,0.0,7800000.0,0.305648428503945,72.24500689790551,3.1675939559936523,0.015218513586168214,0.0040521302897604805,1.0,1.0,-0.0841330921244654,0.03990606280582831,3.4476717325340256,3.455557388275141,12.815294591152357,28.684928882812176
2019-02-13 00:00:00-05:00,0.0,7800000.0,0.32735120691004066,70.45636475207094,3.1692214965820313,0.000513809727821668,0.012108471710873925,-0.2724306688417618,-0.2724306688417618,0.07100569275727686,-0.024758003668851836,3.459707483140399,3.4560710660479423,12.49724860723621,28.36688289889603
2019-02-14 00:00:00-05:00,0.0,7800000.0,0.33952525229814,67.50306660774808,3.175399208068848,0.0019492835996093305,-0.006953406414255792,-0.45739910313901344,-0.45739910313901344,0.03718955400535573,-0.04191669772795159,3.4527297891426545,3.4580184522595743,11.885867381372833,27.755501673032654
2019-02-15 00:00:00-05:00,0.0,7800000.0,0.4085818884508115,75.84447456559619,3.1882471084594726,0.004046074067782568,0.012922561405607658,0.44628099173553726,0.44628099173553726,0.20339175270542853,0.12357080021740319,3.465569566675309,3.462056362981934,12.254862809699606,28.124497101359427
2019-02-19 00:00:00-05:00,0.0,7800000.0,0.4099070260162285,83.83531682003252,3.194100379943848,0.0018358901569595076,-0.006760217052234396,-0.09999999999999998,-0.09999999999999998,0.003243260660528602,0.10535826505759793,3.458786395848959,3.4638905699523415,12.14950229404178,28.0191365857016
2019-02-20 00:00:00-05:00,0.0,7800000.0,0.2691540067658092,77.85910436431021,3.191661262512207,-0.0007636320533181973,0.0066012563076134345,0.3555555555555556,0.3555555555555556,-0.34337791332429324,-0.07128514189969981,3.4653659592786514,3.463126646183549,12.45371366844477,28.32334796010459
2019-02-21 00:00:00-05:00,0.0,7750000.0,0.2073336130774275,70.42086190391696,3.1799530029296874,-0.0036683904147470914,-0.004117692636489645,0.23185011709601877,0.22395364198642898,-0.229684092134551,-0.09553465225581081,3.4612397656013636,3.459451510723993,12.662230867953856,28.525434269283387
2019-02-22 00:00:00-05:00,0.0,7750000.0,0.14677923117061611,75.2609525311037,3.2223957061767576,0.013346959281463455,0.003368915338527234,-0.5437262357414449,-0.5437262357414449,-0.29206254117704356,0.06873092001899406,3.464603018857765,3.472710184042947,11.877568578558138,27.74077197988767
2019-02-25 00:00:00-05:00,0.0,7750000.0,0.2745809524591314,72.38043430430442,3.236379623413086,0.004339602740136339,0.016076359948707042,0.9083333333333334,0.9083333333333334,0.870707117548249,-0.03827374129511352,3.480551522619707,3.477040397860109,12.52379883933033,28.38700224065986
2019-02-26 00:00:00-05:00,0.0,7750000.0,0.24426588660540285,68.90063045669683,3.2420730590820312,0.0017591989603928937,-0.00630825828849324,-0.31441048034934493,-0.31441048034934493,-0.11040483901825138,-0.048076581483024405,3.4742232831947937,3.4787980512423986,12.1463226411244,28.00952604245393
2019-02-27 00:00:00-05:00,0.0,7750000.0,0.260969058126306,70.80886084173073,3.240447235107422,-0.0005014766616856514,0.001058238911946452,-0.11783439490445857,-0.11783439490445857,0.06838110615047177,0.027695398030257445,3.4752809625666594,3.478296448799239,12.020947161403486,27.884150562733016
2019-02-28 00:00:00-05:00,0.0,7750000.0,0.22489107025345806,83.71690142307,3.226299285888672,-0.0043660483236601655,-0.0017618451380622124,0.332129963898917,0.332129963898917,-0.13824622785505325,0.18229414268068544,3.473517563554059,3.4739208414530136,12.307726299256673,28.170929700586203
2019-03-01 00:00:00-05:00,0.0,7750000.0,0.2468460176543964,84.99193500552005,3.254106140136719,0.008618808047247795,0.008470981610758654,-0.3414634146341463,-0.3414634146341463,0.09762480731758072,0.015230300701247534,3.481952867740374,3.482502719616859,11.889991098556695,27.753194499886224
2019-03-04 00:00:00-05:00,0.0,7750000.0,0.2385537899803632,80.96395984756762,3.245487594604492,-0.00264851395777288,0.005700096991120507,0.48559670781893005,0.48559670781893005,-0.033592714003767954,-0.04739243973785068,3.487636780650072,3.479850692140888,12.285807613549027,28.149011014878557
2019-03-05 00:00:00-05:00,0.0,7750000.0,0.16432859362889315,75.56714232336986,3.248251724243164,0.0008516839328756021,-0.0074576627328512,-0.3462603878116344,-0.3462603878116344,-0.3111465818991179,-0.06665703523343536,3.4801511705156076,3.480702013596799,11.860761460241756,27.723964861571286
2019-03-06 00:00:00-05:00,0.0,7750000.0,0.1641734276459887,67.00637011914073,3.2289005279541017,-0.005957418923119739,0.00030053064960378073,0.008474576271186418,0.008474576271186418,-0.0009442421399581402,-0.11328696495621793,3.4804516560149215,3.4747267784592237,11.86920032888762,27.73240373021715
2019-03-07 00:00:00-05:00,0.0,7750000.0,0.17654371410547615,54.06519306021892,3.1921504974365233,-0.01138159265032046,-0.008312041766245337,1.0,1.0,0.07534889559692814,-0.19313353395970767,3.4721048766017373,3.4632799197898736,13.176851562688398,29.04005496401793
2019-03-08 00:00:00-05:00,0.0,7750000.0,0.3844025177490173,50.668693456248306,3.190848159790039,-0.00040798128018404434,-0.021107309315664735,-0.6579545454545455,-0.6579545454545455,1.0,-0.0628222967813602,3.4507716229925585,3.4628718552626845,12.104039919965022,27.967243321294553
2019-03-11 00:00:00-04:00,0.0,7750000.0,0.39644359922349437,62.939760598422815,3.2610984802246095,0.022016190340812924,0.016713166899158027,0.28903654485049834,0.28903654485049834,0.031324148304197275,0.24218242676358726,3.46734666183142,3.484649188739473,12.35793499483942,28.22113839616895
2019-03-12 00:00:00-04:00,0.0,7750000.0,0.41588175126404336,65.69212907397701,3.277197265625,0.004936614302822884,0.019482509182548124,-0.1649484536082474,-0.1649484536082474,0.04903131764170765,0.043730202488618364,3.486641816446439,3.4895736579160443,12.177673171008475,28.040876572338007
2019-03-13 00:00:00-04:00,0.0,7750000.0,0.4572163679064713,70.99185315659743,3.2983367919921873,0.006450489443807106,0.007613952351779973,0.11111111111111116,0.11111111111111116,0.09939031110837226,0.08067517611816633,3.494226928960602,3.496003431987956,12.283033686666302,28.146237087995832
2019-03-14 00:00:00-04:00,0.0,7750000.0,0.5213103512578118,64.83954682661022,3.294596862792969,-0.0011338833585152752,0.001975772283763,-0.47777777777777775,-0.47777777777777775,0.1401830464749496,-0.08666214581574794,3.496200751973428,3.4948689052973503,11.633371618046096,27.496575019375626
2019-03-15 00:00:00-04:00,0.0,7750000.0,0.5716354218646734,66.34688551064178,3.319477081298828,0.007551824864170831,0.0009365018716178675,1.0,1.0,0.09653572096820606,0.02324721189156964,3.497136815600758,3.502392357884245,12.880037006673344,28.743240408002876
2019-03-18 00:00:00-04:00,0.0,7750000.0,0.6162302525740629,66.70868409721913,3.3279327392578124,0.002547286139320537,0.0061064272844029155,-0.4250764525993884,-0.4250764525993884,0.07801271405456522,0.005453135950433063,3.5032246742118978,3.5049364051892202,12.32651879860604,28.18972219993557
2019-03-19 00:00:00-04:00,0.0,7750000.0,0.4441902434075702,68.99014434565137,3.3432186126708983,0.004593203832747861,0.0064121858890549,-0.1436170212765957,-0.1436170212765957,-0.27918137489657857,0.034200348564923155,3.5096163894979555,3.509519092452113,12.171481200760555,28.034684602090085
2019-03-20 00:00:00-04:00,0.0,7750000.0,0.2798347219832039,73.92076276745632,3.3542755126953123,0.004698137287488358,4.3908254689473125e-05,-0.16149068322981364,-0.16149068322981364,-0.37001155217531556,0.07146844623344717,3.509660296788706,3.5142062279378083,11.99535161421452,27.858555015544052
2019-03-21 00:00:00-04:00,0.0,7750000.0,0.242801904576724,77.38020141450274,3.422993469238281,0.01907394382543437,0.0019970893203478113,0.5444444444444445,0.5444444444444445,-0.1323381785649269,0.046799282333291004,3.5116553945772475,3.5331005446344257,12.430015877014949,28.293219278344477
2019-03-22 00:00:00-04:00,0.0,7750000.0,0.3569872838952217,61.68062587193682,3.3358749389648437,-0.025450977647592188,0.016038603803191664,-0.043165467625899234,-0.043165467625899234,0.47028205778515964,-0.20288879139081017,3.527566738880996,3.5073200884679503,12.38589107210601,28.24909447343554
2019-03-25 00:00:00-04:00,0.0,7750000.0,0.32259978885044616,60.38113725999505,3.3293617248535163,-0.0019524755065754018,-0.02358282940170453,-0.04761904761904767,-0.04761904761904767,-0.09632694663395502,-0.02106801922924395,3.5037013838819404,3.505365704396384,12.337100907936577,28.20030430926611
2019-03-26 00:00:00-04:00,0.0,7750000.0,0.27373626360319525,64.92766824308376,3.3441802978515627,0.004450875039328395,0.009700302479092482,-0.044736842105263186,-0.044736842105263186,-0.15146793933551994,0.0752972068663067,3.513354940483266,3.509806703584681,12.291332489480997,28.15453589081053
2019-03-27 00:00:00-04:00,0.0,7700000.0,0.2468358297878268,66.83544895954316,3.318452072143555,-0.007693432595286986,-0.0012614893854674403,-0.14049586776859502,-0.14604105571847503,-0.09827135601720272,0.029383170042651674,3.5120926547502704,3.5020835238669705,12.139932843025628,27.99666372984954
2019-03-28 00:00:00-04:00,0.0,7700000.0,0.2697803060107423,68.08325874201962,3.330339050292969,0.0035820852285914917,-0.008307431121883035,0.03205128205128216,0.03205128205128216,0.09295439905397007,0.018669879560946567,3.503750524615729,3.505659208708204,12.171481200760555,28.028212087584468
2019-03-29 00:00:00-04:00,0.0,7700000.0,0.26827753658809317,64.10658830229315,3.3578582763671876,0.008263190521637043,0.009160732552992323,-0.2857142857142857,-0.2857142857142857,-0.005570345162961288,-0.05840893213990883,3.512869552163707,3.513888445984236,11.835008964139341,27.691739850963256
2019-04-01 00:00:00-04:00,0.0,7700000.0,0.30488289059636875,67.36286697925058,3.4081748962402343,0.014984736022713774,0.010825362219463619,0.691304347826087,0.691304347826087,0.13644584065373522,0.0507947585917774,3.5236367396149646,3.5287620199636414,12.360508998834593,28.217239885658504
2019-04-02 00:00:00-04:00,0.0,7700000.0,0.32231051174016,66.87932933256567,3.423807907104492,0.004586915677802672,0.005907074788280786,-0.493573264781491,-0.493573264781491,0.057161689557921225,-0.007178103729371443,3.5295264360402454,3.5333384478027186,11.680133383954136,27.536864270778047
2019-04-03 00:00:00-04:00,0.0,7700000.0,0.4065800848417794,69.36246670844437,3.445464324951172,0.00632524324794681,0.009118362500534216,0.9898477157360406,0.9898477157360406,0.26145462227293326,0.03712862256035776,3.538603477271695,3.5396437706563573,12.36819149500661,28.22492238183052
2019-04-04 00:00:00-04:00,0.0,7700000.0,0.47413792056969944,65.31828245282642,3.434553527832031,-0.00316671313068817,0.0016083872242840247,-0.22704081632653061,-0.22704081632653061,0.16616120229846043,-0.0583050812281104,3.540210572426494,3.536472032879096,12.110662460725516,27.96739334754943
2019-04-05 00:00:00-04:00,0.0,7700000.0,0.4846639664268614,65.64713716921881,3.446604919433594,0.0035088670198042404,-0.0005664981503205047,-0.3102310231023102,-0.3102310231023102,0.02220038811600311,0.005034650392558682,3.5396439137554703,3.539974758187791,11.739263907180957,27.59599479400487
2019-04-08 00:00:00-04:00,0.0,7700000.0,0.35249332722512633,65.10971889322771,3.4560497283935545,0.0027403224856747954,-0.001937549384304904,0.1866028708133971,0.1866028708133971,-0.27270572676601157,-0.008186469344516834,3.5377044848942454,3.5427113328350988,11.910358401381128,27.767089288205042
2019-04-09 00:00:00-04:00,0.0,7700000.0,0.21568446708515684,61.63482884787056,3.4418819427490233,-0.0040994160263766455,0.0007100665962587183,-0.024193548387096753,-0.024193548387096753,-0.38811758854258815,-0.053369759606174294,3.538414299512492,3.538603491168156,11.885867381372833,27.742598268196744
2019-04-10 00:00:00-04:00,0.0,7700000.0,0.12883631905696125,56.77378550887446,3.4682621002197265,0.007664457383925738,0.0018455738221780926,-0.22314049586776863,-0.22314049586776863,-0.4026629696699767,-0.07886844873041365,3.540258172355837,3.5462387258211883,11.633371618046096,27.49010250487001
2019-04-11 00:00:00-04:00,0.0,7700000.0,0.12132046841889024,76.19329237463435,3.466307830810547,-0.0005634722384608715,0.007840436248923943,0.8351063829787233,0.8351063829787233,-0.058336427903905586,0.3420505906326148,3.548068032102563,3.5456750947725864,12.240474072247506,28.09720495907142
2019-04-12 00:00:00-04:00,0.0,7700000.0,0.17068774756074087,79.91280201235057,3.486499786376953,0.005825205536256428,0.0020620527534722655,-0.4260869565217391,-0.4260869565217391,0.40691632488095375,0.048816759609596305,3.550127961743402,3.551483399401483,11.685196685910682,27.541927572734593
2019-04-15 00:00:00-04:00,0.0,7700000.0,0.20852872326498814,78.30009278568367,3.485196685791016,-0.0003737561066340378,0.0016368827899733152,0.3737373737373737,0.3737373737373737,0.2216970828019229,-0.02018086196524116,3.5517635063008957,3.551109573430627,12.002731721512143,27.859462608336056
2019-04-16 00:00:00-04:00,0.0,7700000.0,0.24143113433054056,88.17861070308336,3.5014808654785163,0.004672384704682564,0.0030350858511483114,0.1875,0.1875,0.15778359235308614,0.1261622760069816,3.5547939955772994,3.5557710764284103,12.174581978438804,28.031312865262716
2019-04-17 00:00:00-04:00,0.0,7700000.0,0.2814465263788524,88.03228082838467,3.51043701171875,0.0025578167022226594,0.006936049487692664,1.0,1.0,0.16574246796822512,-0.0016594713109215897,3.5617061013266214,3.558325627484922,13.224558889718999,29.08128977654291
2019-04-18 00:00:00-04:00,0.0,7800000.0,0.25419036372936143,86.68627493153264,3.514019012451172,0.001020385986264527,-0.001895531679050988,-0.5081256771397616,-0.5017376989207976,-0.09684313038137038,-0.015289912793194804,3.559808770853924,3.559345493231273,12.515026853257494,28.384661144917313
2019-04-22 00:00:00-04:00,0.0,7800000.0,0.1738669025370381,84.61444458022763,3.5356754302978524,0.006162863026621501,-0.005141493772394146,-0.4779735682819384,-0.4779735682819384,-0.3159972707613904,-0.023900327392558984,3.554654014121943,3.565489443482339,11.864989796351278,27.7346240880111
2019-04-23 00:00:00-04:00,0.0,7800000.0,0.21842854003501555,86.74706103799042,3.58094482421875,0.012803605651405592,0.013268954130624122,0.26582278481012667,0.26582278481012667,0.25629741398587735,0.025203929049498752,3.567835706745777,3.5782117759661283,12.100712129872347,27.970346421532167
2019-04-24 00:00:00-04:00,0.0,7800000.0,0.3339137394647083,82.86587589656334,3.5754085540771485,-0.0015460361478228934,0.011211219945997719,0.9966666666666666,0.9966666666666666,0.5287092950911072,-0.04474140212920108,3.5789845467691204,3.5766645434711974,12.792191253331596,28.661825544991416
2019-04-25 00:00:00-04:00,0.0,7800000.0,0.4172082983137374,88.14081598877787,3.5822479248046877,0.001912892086063822,0.005634341505513563,-0.26711185308848084,-0.26711185308848084,0.24944933078392406,0.06365636077749226,3.5846030747439492,3.578575608309043,12.481429068291318,28.351063359951137
2019-04-26 00:00:00-04:00,0.0,7800000.0,0.3946197504808434,87.73848955596054,3.587946319580078,0.0015907315448304704,-0.008268647367011828,-0.2892938496583144,-0.2892938496583144,-0.05414213457448436,-0.0045645871132909965,3.5763000524919484,3.580165075980594,12.139932843025628,28.009567134685447
2019-04-29 00:00:00-04:00,0.0,7800000.0,0.39869506946009714,87.57644494622309,3.594948577880859,0.0019516062050786154,0.003735972326144088,1.0,1.0,0.01032720479471183,-0.0018469044835117687,3.580029063406522,3.5821147802763993,13.402718674469648,29.272352966129468
2019-04-30 00:00:00-04:00,0.0,7850000.0,0.3523188894735532,84.45197681639438,3.573942947387695,-0.005843096232977629,-0.005356100665402708,-0.485947416137806,-0.4826522072668945,-0.11631992351785381,-0.03567703772112829,3.574658567409043,3.5762545463659543,12.737288958943898,28.61331304870249
2019-05-01 00:00:00-04:00,0.0,7850000.0,0.20643996737235998,74.28564854807995,3.5568450927734374,-0.0047840312131325335,0.009218344923426214,-0.18694885361552027,-0.18694885361552027,-0.41405364986013227,-0.12037999170128222,3.5838346827172867,3.5714590350467392,12.530327698212794,28.406351787971385
2019-05-02 00:00:00-04:00,0.0,7850000.0,0.18181542211714777,67.69770651295437,3.5371429443359377,-0.0055392202706633364,-0.01342953361314947,0.3579175704989155,0.3579175704989155,-0.11928186953641795,-0.08868391356725736,3.570314157348087,3.5659044164058367,12.836280026316246,28.712304116074836
2019-05-03 00:00:00-04:00,0.0,7850000.0,0.19579533735103077,71.37724914999751,3.5830615997314452,0.012981848943661722,0.0025664060427477153,-0.7092651757188498,-0.7092651757188498,0.07689070086076333,0.054352544961608684,3.5728772757945166,3.578802723391083,11.600936342292941,27.476960432051534
2019-05-06 00:00:00-04:00,0.0,7850000.0,0.32870635125310205,66.00019990879152,3.5633583068847656,-0.005499010356996514,-0.01782950974943953,1.0,1.0,0.6788262463256842,-0.07533281690229132,3.554886905423885,3.57328853781862,12.595408371708455,28.471432461467046
2019-05-07 00:00:00-04:00,0.0,7850000.0,0.35320285702924903,48.44856104052437,3.4921993255615233,-0.019969639647451687,0.007680465835172123,0.5609756097560976,0.5609756097560976,0.07452398069815458,-0.2659331167560478,3.562538026639126,3.553116809972812,13.040719388363819,28.91674347812241
2019-05-08 00:00:00-04:00,0.0,7850000.0,0.42308692534705655,46.15801012961819,3.487802505493164,-0.0012590404093421048,-0.012887548946718841,-0.15755208333333337,-0.15755208333333337,0.19785816260263256,-0.04727799673947519,3.5495667127722044,3.551856976306195,12.869275949717046,28.745300039475637
2019-05-09 00:00:00-04:00,0.0,7850000.0,0.5369299289540883,41.50085085366393,3.4597957611083983,-0.008029911194987638,-0.010434928951070788,-0.13601236476043277,-0.13601236476043277,0.2690771016231399,-0.1008960148601793,3.539076958215645,3.5437946517400354,12.723079128371246,28.599103218129837
2019-05-10 00:00:00-04:00,0.0,7850000.0,0.4840865771442866,38.35381145010271,3.465167617797852,0.0015526513876451542,-4.781497497774456e-05,1.0,1.0,-0.0984175941034574,-0.0758307200654268,3.5390291420974953,3.5453460990107364,13.809089990161352,29.68511407991994
2019-05-13 00:00:00-04:00,0.0,7850000.0,0.6192704035485321,18.408273898396615,3.337830352783203,-0.03674779377500159,-0.02038169240248544,-0.501207729468599,-0.501207729468599,0.2792554736834869,-0.5200405591411614,3.518436876868792,3.5079060939293347,13.113524428737124,28.989548518495717
2019-05-14 00:00:00-04:00,0.0,7850000.0,0.6264439468943586,26.815436129218057,3.3800033569335937,0.01263485548785459,-0.00502112765060847,-0.562953995157385,-0.562953995157385,0.011583862727365446,0.4567056247220287,3.5134031010001,3.5204617956640996,12.285807613549027,28.16183170330762
2019-05-15 00:00:00-04:00,0.0,7850000.0,0.6547805822821862,33.7294932137231,3.4308090209960938,0.015031246628284922,0.0003398547906827698,0.23545706371191133,0.23545706371191133,0.04523411157264512,0.2578386960102992,3.513742898053225,3.535381192539459,12.49724860723621,28.373272696994803
2019-05-16 00:00:00-04:00,0.0,7850000.0,0.49436505871185454,38.02338702506128,3.46875,0.011058901492829287,0.022844139634317084,-0.24663677130044848,-0.24663677130044848,-0.2449912656407982,0.12730383418838853,3.5363300172416454,3.5463793915066533,12.21404081517935,28.090064904937943
2019-05-17 00:00:00-04:00,0.0,7850000.0,0.4139102683634634,34.50487103284971,3.4312980651855467,-0.010796954180743223,-9.465022248711374e-05,-0.20833333333333337,-0.20833333333333337,-0.16274368289301977,-0.09253557527351564,3.5362353625395433,3.535523727240285,11.980425963997845,27.856450053756436
2019-05-20 00:00:00-04:00,0.0,7850000.0,0.38769639204003903,32.38762382179023,3.375771331787109,-0.01618242785778945,-0.01612348312706091,-0.07518796992481203,-0.07518796992481203,-0.06333226867521302,-0.06136082088363104,3.519980481752222,3.5192089339583585,11.90226119114851,27.7782852809071
2019-05-21 00:00:00-04:00,0.0,7850000.0,0.3367073201181886,37.7335334940024,3.4137115478515625,0.011238976913868104,0.008916668797074534,-0.4552845528455285,-0.4552845528455285,-0.1315180459986962,0.16506026195770107,3.5288576318014044,3.5303852228335106,11.294769455167058,27.170793544925647
2019-05-22 00:00:00-04:00,0.0,7850000.0,0.32672005355449074,38.36521177246429,3.4036155700683595,-0.002957478287688664,-0.004251838053371482,0.664179104477612,0.664179104477612,-0.029661566491017144,0.016740501616746117,3.5245967289808777,3.5274233625650364,11.804101426676265,27.680125516434856
2019-05-23 00:00:00-04:00,0.0,7850000.0,0.317544512126496,29.395375778346335,3.338806915283203,-0.019041120670350686,-0.009691349605225774,1.0,1.0,-0.02808380241179309,-0.23380128975479397,3.514858112613338,3.5081986251745576,12.609535750967664,28.485559840726257
2019-05-24 00:00:00-04:00,0.0,7850000.0,0.315612108110442,30.916638911357524,3.3430412292480467,0.001268211691266563,-0.0008235500019521114,-0.7695390781563126,-0.7695390781563126,-0.006085458706602376,0.05175178383437462,3.5140342233077813,3.509466033364645,11.141861783579396,27.01788587333799
2019-05-28 00:00:00-04:00,0.0,7850000.0,0.2991841662475942,35.09425470148305,3.340597915649414,-0.0007308655296429656,-0.0016972642685488815,1.0,1.0,-0.052051050769887364,0.13512516034176159,3.512335517054383,3.5087349006225854,12.123777402803343,27.999801492561936
2019-05-29 00:00:00-04:00,0.0,7850000.0,0.29230877643229436,33.68149597625933,3.314870834350586,-0.007701340283518321,-0.009810735536748383,-0.21172638436482083,-0.21172638436482083,-0.02298046016783528,-0.04025612560348868,3.5024763391545424,3.5010037518759485,11.885867381372833,27.761891471131424
2019-05-30 00:00:00-04:00,0.0,7850000.0,0.3304951889734304,37.38949458126482,3.3295261383056642,0.004421078433346937,0.0009809523376644869,0.04958677685950419,0.04958677685950419,0.13063724260082532,0.11009008054805824,3.5034568106728776,3.5054150860515674,11.934263922234683,27.810288011993276
2019-05-31 00:00:00-04:00,0.0,7850000.0,0.3486207573148285,33.1893165485333,3.274974060058594,-0.016384336984010206,-0.010732038359826612,0.04724409448818889,0.04724409448818889,0.054843667763210036,-0.11233577986999999,3.4926667686174944,3.488895041457097,11.980425963997845,27.856450053756436
2019-06-03 00:00:00-04:00,0.0,7850000.0,0.3653365049877859,35.38966641931421,3.182808685302734,-0.028142322065967895,-0.006241242393113411,1.0,1.0,0.04794822833186019,0.06629693225418798,3.4864059682512427,3.4603491343361017,13.232114241363448,29.10813833112204
2019-06-04 00:00:00-04:00,0.0,7850000.0,0.4891699101938536,41.81872100823359,3.2836044311523436,0.03166880444779929,-0.013807343634824387,-0.4526881720430107,-0.4526881720430107,0.33895710807822965,0.18166474113501874,3.4725024166363303,3.491526823965053,12.629377671766669,28.50540176152526
2019-06-05 00:00:00-04:00,0.0,7850000.0,0.43333975014335463,39.90883544503578,3.315685272216797,0.00977000784872084,0.028860855154023923,-0.306483300589391,-0.306483300589391,-0.11413244945580148,-0.045670587649530914,3.5009546409764436,3.501249413885957,12.263397712149443,28.139421801908036
2019-06-06 00:00:00-04:00,0.0,7850000.0,0.37915799272119327,38.59391593510003,3.341411590576172,0.007758974766074456,0.0016697435625760981,-0.2407932011331445,-0.2407932011331445,-0.12503297332921182,-0.0329480801750458,3.502622992067069,3.508978442607978,11.987916635727004,27.863940725485595
2019-06-07 00:00:00-04:00,0.0,7850000.0,0.4478790835048736,48.11845991991957,3.409152603149414,0.020273172201920042,0.01172175150554633,1.0,1.0,0.1812465834900996,0.24678874257891126,3.5142765760217163,3.529048849932121,13.082790602284506,28.958814692043095
2019-06-10 00:00:00-04:00,0.0,7850000.0,0.676243714597281,56.20891342176046,3.446604919433594,0.010985813967254066,0.021668393192835644,-0.2921348314606742,-0.2921348314606742,0.5098800982295091,0.16813616884882232,3.535713546651775,3.539974758187791,12.737288958943898,28.61331304870249
2019-06-11 00:00:00-04:00,0.0,7850000.0,0.9102447443001812,53.10298398965827,3.446767044067383,4.703893761504041e-05,0.014993191976541809,-0.4215167548500882,-0.4215167548500882,0.3460306168498042,-0.05525688441612486,3.5505954517107567,3.54002179601911,12.18994326360029,28.065967353358882
2019-06-12 00:00:00-04:00,0.0,7700000.0,0.898102524444987,52.33509696690787,3.4288558959960938,-0.005196506709705839,-0.014070403091989703,-0.4512195121951219,-0.4617057635544508,-0.013339511083394928,-0.014460336596149537,3.536425122051746,3.534811740510413,11.589886506106357,27.446617392930268
2019-06-13 00:00:00-04:00,0.0,7700000.0,0.661209287947174,60.91109052126177,3.446440887451172,0.005128530328618375,0.0023228066422205096,0.4555555555555555,0.4555555555555555,-0.2637708168610362,0.16386696598224715,3.538745235148868,3.5399271647183586,11.965274158977243,27.822005045801156
2019-06-14 00:00:00-04:00,0.0,7700000.0,0.5531565592127912,57.74585982145248,3.422503662109375,-0.006945491341213694,-0.004115418928482439,1.0,1.0,-0.16341683443354105,-0.051964768201029465,3.5346213245781226,3.532957441183984,12.987230703412832,28.843961590236745
2019-06-17 00:00:00-04:00,0.0,7700000.0,0.3662786395417988,59.384927721488054,3.4396312713623045,0.006660127059989973,0.0003837822492669396,-0.717032967032967,-0.717032967032967,-0.33783911002870926,0.02838416303962732,3.535005033201819,3.5395954875835285,11.724805824005728,27.58153671082964
2019-06-18 00:00:00-04:00,0.0,7650000.0,0.23591122745855198,65.85736477157269,3.4900276184082033,0.012982809445713173,0.014076709033527424,1.0,1.0,-0.35592414629018954,0.10899124236439262,3.5489835854439438,3.552494742761082,12.646904897475629,28.49712110327835
2019-06-19 00:00:00-04:00,0.0,7650000.0,0.29012359797063564,65.98936294645007,3.506826400756836,0.004813366593441115,0.005580713532540971,-0.36100386100386095,-0.36100386100386095,0.22979987470756735,0.002004303927665818,3.554548784489227,3.557296562144686,12.19904803059321,28.049264236395928
2019-06-20 00:00:00-04:00,0.0,7650000.0,0.4797193096395099,75.25754245303948,3.5485813140869142,0.011906752304895019,0.017256144915977822,-0.1963746223564955,-0.1963746223564955,0.653499794553299,0.14044959812857227,3.571657733084311,3.569132986773415,11.980425963997845,27.830642169800566
2019-06-21 00:00:00-04:00,0.0,7650000.0,0.5249175651919271,87.91405344344865,3.534392166137695,-0.0039985410205739536,-0.004951331871347997,0.5,0.5,0.09421812848513822,0.16817598047806048,3.566694102756693,3.5651264302135846,12.38589107210601,28.23610727790873
2019-06-24 00:00:00-04:00,0.0,7650000.0,0.5333984968346411,84.57068073275586,3.5347179412841796,9.217289173668597e-05,0.00023038680589504423,-0.40100250626566414,-0.40100250626566414,0.0161566924124803,-0.03803001431214226,3.566924463027623,3.5652185988576615,11.873393207147657,27.723609412950374
2019-06-25 00:00:00-04:00,0.0,7650000.0,0.4548905624397555,69.20186757134151,3.4683361053466797,-0.01877995275441502,-0.0015200755787082576,1.0,1.0,-0.14718439377084314,-0.18172743825936488,3.565403230961919,3.5462600634062014,12.983101310070822,28.83331751587354
2019-06-26 00:00:00-04:00,0.0,7650000.0,0.29781097998900974,69.0145563949267,3.4916595458984374,0.0067246771487350365,-0.010979932860453179,-0.8041379310344827,-0.8041379310344827,-0.345312906929233,-0.0027067358582729684,3.55436257372986,3.5529622307712287,11.352756712817406,27.202972918620127
2019-06-27 00:00:00-04:00,0.0,7650000.0,0.24449479784189737,64.51201603022034,3.509273910522461,0.005044697053787628,0.002658710174743728,1.0,1.0,-0.17902691884993605,-0.06524044491340597,3.5570177557868186,3.557994245973684,12.547532423662426,28.397748629465145
2019-06-28 00:00:00-04:00,0.0,7650000.0,0.21425223525814632,61.19814620686987,3.5172649383544923,0.002277117157503783,0.004465937708783674,-0.6695095948827292,-0.6695095948827292,-0.12369409431487133,-0.051368257066995104,3.5614737507871466,3.5602687744290207,11.440354772135393,27.29057097793811
2019-07-01 00:00:00-04:00,0.0,7650000.0,0.2953328223634927,66.33280808394478,3.5655445098876952,0.013726452905702846,0.018619261090430994,1.0,1.0,0.3784351981562979,0.0839022453346554,3.5799217954527704,3.5739018728934986,12.344964644396793,28.19518085019951
2019-07-02 00:00:00-04:00,0.0,7650000.0,0.32142619698200675,70.92192408932665,3.5792449951171874,0.0038424664708289757,-0.0059109617871861975,-0.27154046997389036,-0.27154046997389036,0.08835243712396657,0.06918320116305487,3.573993294782362,3.5777369759464683,12.028141437037512,27.878357642840232
2019-07-03 00:00:00-04:00,0.0,7650000.0,0.38217963414732337,71.8194797606998,3.608277130126953,0.00811124554183107,0.006861005738319381,-0.2437275985663082,-0.2437275985663082,0.1890120896670957,0.012655545980995608,3.5808308709268126,3.585815502146842,11.748787788692212,27.599003994494932
2019-07-05 00:00:00-04:00,0.0,7650000.0,0.4103564801173101,76.80767938438429,3.608765411376953,0.00013532254657588894,-0.0014539965474933414,1.0,1.0,0.07372670716180818,0.06945468889923734,3.5793758163005864,3.585950815538148,12.62544065880733,28.47565686461005
2019-07-08 00:00:00-04:00,0.0,7650000.0,0.34716419417381794,69.71783207957321,3.5808761596679686,-0.007728197466385867,-0.00045466693878104536,-0.6982248520710059,-0.6982248520710059,-0.1539936348158244,-0.0923064902056201,3.5789210459694525,3.5781926008007794,11.427367576608582,27.277583782411302
2019-07-09 00:00:00-04:00,0.0,7650000.0,0.2424999432324757,67.51363110771888,3.6069709777832033,0.007287271871935896,-0.005735157785326406,1.0,1.0,-0.30148342685633933,-0.03161602858417267,3.5731693790146597,3.5854534488013488,12.8314761740036,28.681692379806318
2019-07-10 00:00:00-04:00,0.0,7650000.0,0.20479063053818242,68.89647363843712,3.638613128662109,0.0087724994389482,0.017532753252461175,-0.4301765650080257,-0.4301765650080257,-0.15550235679083346,0.020482419742938962,3.5905502067598967,3.594187693431162,12.269047444691562,28.11926365049428
2019-07-11 00:00:00-04:00,0.0,7650000.0,0.3131892350747496,65.07371051134862,3.642201232910156,0.0009861186449813264,0.006298333453613969,0.6845070422535211,0.6845070422535211,0.5293142769847408,-0.05548561377974193,3.596828788602801,3.59517332618056,12.790520409166778,28.640736614969498
2019-07-12 00:00:00-04:00,0.0,7650000.0,0.34428560321756246,70.83763072122953,3.669112777709961,0.007388813269469496,0.0004023871252389899,-0.6220735785953178,-0.6220735785953178,0.0992893901202927,0.08857525050574311,3.597231094792052,3.602534975891507,11.817464654488433,27.66768086029115
2019-07-15 00:00:00-04:00,0.0,7650000.0,0.42474572583751863,71.66681571265767,3.6788990020751955,0.0026671909418227724,0.007641862519835785,-0.008849557522123908,-0.008849557522123908,0.2337016763640607,0.01170543089860332,3.6048439061897533,3.6051986161916614,11.808575707071187,27.658791912873905
2019-07-16 00:00:00-04:00,0.0,7650000.0,0.43262804221631934,81.4486170668814,3.652476501464844,-0.007182176133524454,-0.0021732396662840214,-0.21875,-0.21875,0.018557729717605165,0.13648996759452903,3.602668301611177,3.5979905240677703,11.56171562913966,27.41193183494238
2019-07-17 00:00:00-04:00,0.0,7650000.0,0.38501161935754136,76.77563750869594,3.6417125701904296,-0.0029470227310420816,-0.003288814082476832,-0.06285714285714283,-0.06285714285714283,-0.11006319103783191,-0.05737334440372699,3.5993740674927426,3.595039150314763,11.496796083040344,27.347012288843064
2019-07-18 00:00:00-04:00,0.0,7650000.0,0.20299584164069587,75.86243489555699,3.648725891113281,0.0019258304403977355,-0.009096997977150134,0.3170731707317074,0.3170731707317074,-0.4727539860240332,-0.011894432176294378,3.590235439163008,3.5969631287211397,11.772208062900312,27.62242426870303
2019-07-19 00:00:00-04:00,0.0,7650000.0,0.19169810312177474,67.88757634254182,3.6208351135253913,-0.007643977218409259,0.014715702775762507,0.5185185185185186,0.5185185185185186,-0.055655024396599306,-0.10512262839960895,3.6048439166351813,3.589289786569908,12.18994326360029,28.040159469403008
2019-07-22 00:00:00-04:00,0.0,7650000.0,0.20790006276335235,66.78333783117046,3.6594905853271493,0.010675844270666479,-0.01148647058875385,1.0,1.0,0.08451810100220669,-0.016265693531312464,3.5932909669796085,3.5999090463834373,12.962194625251508,28.812410831054226
2019-07-23 00:00:00-04:00,0.0,7650000.0,0.22231609745036657,67.0139791233542,3.6751480102539062,0.0042785804640503855,0.012023806504975143,-0.5267605633802817,-0.5267605633802817,0.06934117525218664,0.003453575392814434,3.6052430617825943,3.604178499746856,12.21404081517935,28.06425702098207
2019-07-24 00:00:00-04:00,0.0,7650000.0,0.20886203207026205,67.52141308360407,3.708583450317383,0.009097712519384071,-0.005142577763219247,-0.10119047619047616,-0.10119047619047616,-0.06051772919011511,0.007572061335379354,3.600087215457059,3.6132350773803723,12.107356672591017,27.957572878393734
2019-07-25 00:00:00-04:00,0.0,7650000.0,0.2631954041596751,61.37077628343307,3.6802036285400392,-0.0076524695095954165,0.010962015187388596,-0.2450331125827815,-0.2450331125827815,0.26014001468268333,-0.09109164810510373,3.610989583263739,3.6055531774864265,11.826275284170586,27.676491489973305
2019-07-26 00:00:00-04:00,0.0,7650000.0,0.31749290254225204,71.88411285741347,3.7263614654541017,0.012542196457855592,0.002644697432639287,-0.32456140350877194,-0.32456140350877194,0.20630108856169782,0.17130851539869574,3.613630789637964,3.6180173721305153,11.433882257629776,27.284098463432493
2019-07-29 00:00:00-04:00,0.0,7650000.0,0.3020035984885024,65.71004610574312,3.7087467193603523,-0.0047270631840334865,0.0035169362537319504,1.0,1.0,-0.04878630019670549,-0.08588916947360803,3.617141555933391,3.6132791010490672,12.579014561932778,28.429230767735497
2019-07-30 00:00:00-04:00,0.0,7650000.0,0.3014796072076772,57.12074843224862,3.683791732788086,-0.006728684501963067,-0.011740612461925926,-0.5888429752066116,-0.5888429752066116,-0.0017350497922796748,-0.1307151369163898,3.6053314782360557,3.6065276768868046,11.690234479940639,27.54045068574336
2019-07-31 00:00:00-04:00,0.0,7650000.0,0.2125158193345611,48.92177567638569,3.634371948242188,-0.013415466489603678,0.004211218769937686,0.8944723618090453,0.8944723618090453,-0.29509056581672044,-0.14353755825849857,3.6095338546402944,3.59302141002598,12.329174842664157,28.179391048466876
2019-08-01 00:00:00-04:00,0.0,7650000.0,0.29684445657988057,42.2884618884049,3.614148712158203,-0.005564437644794862,-0.015493732689197626,1.0,1.0,0.3968111056832053,-0.1355902089870924,3.593918839700622,3.5874414332267874,13.20817403381744,29.05839023962016
2019-08-02 00:00:00-04:00,0.0,7650000.0,0.4811352807494598,34.299360366491655,3.5498863220214845,-0.017780781936431178,-0.014168666787219286,-0.5506607929515419,-0.5506607929515419,0.6208329651592694,-0.1889191794914581,3.5796488390380836,3.569500674002877,12.408196829620309,28.258413035423025
2019-08-05 00:00:00-04:00,0.0,7650000.0,0.925269637275989,26.865760649411698,3.4097835540771486,-0.03946683224057568,-0.034929477868103076,1.0,1.0,0.9230966306081427,-0.21672706539280318,3.5440947386541515,3.5292339083972504,13.324487561494463,29.17470376729718
2019-08-06 00:00:00-04:00,0.0,7650000.0,1.1001613058054647,33.987916019985946,3.4608341217041017,0.014971791263967749,-0.002026604892503503,-0.7313725490196079,-0.7313725490196079,0.1890169756832829,0.2651015716069147,3.5420660774192205,3.54409472864664,12.010057761604216,27.860273967406936
2019-08-07 00:00:00-04:00,0.0,7650000.0,1.1444893551002926,35.47846212445775,3.4808956146240235,0.005796721892594947,-0.00850008241991429,0.3248175182481752,0.3248175182481752,0.040292318100002555,0.04385517792839422,3.5335296632704414,3.5498747141930345,12.291332489480997,28.141548695283717
2019-08-08 00:00:00-04:00,0.0,7650000.0,1.0291839083291414,45.85256436357359,3.5679908752441407,0.025020934340636458,0.025052268222544694,-0.24242424242424243,-0.24242424242424243,-0.10074837852995744,0.2924056347967874,3.5582732679485427,3.5745877503218066,12.013700752882718,27.863916958685436
2019-08-09 00:00:00-04:00,0.0,7650000.0,0.7757677425814258,39.45160531828474,3.5239536285400392,-0.01234230922776347,0.011058479881709493,-0.33090909090909093,-0.33090909090909093,-0.24623020598828782,-0.1395987145786317,3.5692710499160873,3.5621686422243184,11.611865412825132,27.46208161862785
2019-08-12 00:00:00-04:00,0.0,7650000.0,0.5666958778510123,35.33689888073556,3.4777965545654297,-0.013098093459797289,-0.0135568778684092,0.125,0.125,-0.26950316860908796,-0.10429756671123669,3.5556214385069556,3.5489840122656804,11.729648448481516,27.579864654284233
2019-08-13 00:00:00-04:00,0.0,7650000.0,0.41333551064935065,38.989168902754386,3.5515167236328127,0.021197378256818222,-0.007268102117569675,1.0,1.0,-0.2706219917872439,0.10335570289700535,3.548326795053569,3.569959851331496,12.499488249829716,28.349704455632434
2019-08-14 00:00:00-04:00,0.0,7650000.0,0.4031960102804267,34.87416083703651,3.438977813720703,-0.03168756299618225,0.004693089136798223,-0.33333333333333337,-0.33333333333333337,-0.024530920058126182,-0.10554233859104312,3.553008905981952,3.537759373048169,12.09402314172155,27.94423934752427
2019-08-15 00:00:00-04:00,0.0,7650000.0,0.41342729675901463,31.17160798430642,3.442240524291992,0.0009487442920601552,-0.012891534451190956,0.37583892617449655,0.37583892617449655,0.025375465574354328,-0.10616894468175897,3.540033554568433,3.538707667566821,12.4130868149145,28.263303020717217
2019-08-16 00:00:00-04:00,0.0,7650000.0,0.32643849883724624,36.52491237689083,3.495737075805664,0.015541200894052976,0.00723957834161193,-0.24146341463414633,-0.24146341463414633,-0.21040893671922656,0.17173654933937232,3.5472470529590154,3.554129340809726,12.136722567395381,27.986938773198098
2019-08-19 00:00:00-04:00,0.0,7650000.0,0.3861365997131141,41.621792057100684,3.546951675415039,0.014650586842996915,0.021892735828781262,-0.427652733118971,-0.427652733118971,0.18287702304877884,0.139545295211567,3.5689035840746017,3.568673644620277,11.578713205508231,27.42892941131095
2019-08-20 00:00:00-04:00,0.0,7650000.0,0.36693687588123036,43.04894799471831,3.5246051788330077,-0.006300197642082783,-0.0022072465700654353,1.0,1.0,-0.04972262107800307,0.034288671080277444,3.566693897945359,3.562353516980316,12.946580397449956,28.796796603252677
2019-08-21 00:00:00-04:00,0.0,7650000.0,0.43282997633089854,46.77578499717512,3.562118911743164,0.01064338585650515,0.004699764470643908,-0.4864091559370529,-0.4864091559370529,0.17957611998363543,0.0865720807605812,3.5713826530039166,3.5729406607246172,12.280252043704426,28.130468249507143
2019-08-22 00:00:00-04:00,0.0,7650000.0,0.4751850475159517,50.15169126253258,3.552169418334961,-0.0027931390430012693,0.004035582446259012,0.24512534818941512,0.24512534818941512,0.09785614098195627,0.07217209215326559,3.5754101143289727,3.5701436135898335,12.499488249829716,28.349704455632434
2019-08-23 00:00:00-04:00,0.0,7650000.0,0.46235996570182547,52.447738913503755,3.445011520385742,-0.030166888267240344,-0.011007923154174315,0.020134228187919545,0.020134228187919545,-0.0269896577789428,0.04578205825506254,3.564341155659222,3.539512341542826,12.519422464730532,28.369638670533252
2019-08-26 00:00:00-04:00,0.0,7650000.0,0.3673731154472643,51.979830975480354,3.48905029296875,0.01278334551928495,-0.01283832366605675,-0.36622807017543857,-0.36622807017543857,-0.20543917575211923,-0.008921412966821474,3.5514197085053265,3.55221466981785,12.063356343328579,27.913572549131295
2019-08-27 00:00:00-04:00,0.0,7650000.0,0.28742807152806027,50.0115717105711,3.4810577392578126,-0.00229075336834339,0.006783457810058735,-0.40138408304498274,-0.40138408304498274,-0.2176126683137215,-0.0378658265710351,3.5581802621865743,3.549921288660164,11.550221249713925,27.400437455516645
2019-08-28 00:00:00-04:00,0.0,7650000.0,0.38660193082075006,43.18603799088476,3.4839935302734375,0.0008433617697622964,-0.01352229324948484,-0.034682080924855474,-0.034682080924855474,0.345038877954577,-0.13647908846351253,3.5445657100848633,3.550764295000212,11.5149234676329,27.36513967343562
2019-08-29 00:00:00-04:00,0.0,7650000.0,0.3801843078719806,51.360455574128366,3.5410793304443358,0.016385162508157247,0.018889282745348623,0.43113772455089827,0.43113772455089827,-0.016600079919789734,0.18928380475580941,3.5632788055718105,3.567016669274254,11.873393207147657,27.723609412950374
2019-08-30 00:00:00-04:00,0.0,7650000.0,0.39279547278396426,55.05542717221047,3.537164306640625,-0.0011056018344609564,0.010263345661837953,0.20920502092050208,0.20920502092050208,0.0331711873711269,0.07194195528015057,3.5734898407177087,3.5659104558112316,12.063356343328579,27.913572549131295
2019-09-03 00:00:00-04:00,0.0,7650000.0,0.32790190268140373,45.30658605082815,3.4998142242431642,-0.01055932921389613,-0.0143235188406593,-0.356401384083045,-0.356401384083045,-0.1652095673166063,-0.17707320825771566,3.5590627500830894,3.5552949812930175,11.622676328929348,27.472892534732065
2019-09-04 00:00:00-04:00,0.0,7650000.0,0.33268595730625505,61.67589334548063,3.5539642333984376,0.01547225243562278,0.006639217065528058,-0.33333333333333337,-0.33333333333333337,0.014589895897919147,0.36130083331125906,3.5656800246142835,3.570648758916281,11.217211220821182,27.0674274266239
2019-09-05 00:00:00-04:00,0.0,7650000.0,0.42634900541871135,66.4925920055704,3.628010940551758,0.02083496126873352,0.01706458048282733,0.9435483870967742,0.9435483870967742,0.2815359231596135,0.07809694191389793,3.582600640631004,3.591269640829974,11.881726588706801,27.73194279450952
2019-09-06 00:00:00-04:00,0.0,7650000.0,0.5623426658730013,61.615314713017554,3.6167572021484373,-0.003101903105509618,0.010157902504837057,-0.34024896265560167,-0.34024896265560167,0.3189726227242691,-0.07335068682755297,3.5927072983781865,3.5881629168511906,11.465833857436378,27.316050063239096
2019-09-09 00:00:00-04:00,0.0,7650000.0,0.49251369056612654,55.0780623283649,3.5966960906982424,-0.0055467122421927195,-0.0007182911872629649,1.0,1.0,-0.12417513296535965,-0.10609784945676048,3.59198874909621,3.5826007644795435,12.541115289341793,28.39133149514451
2019-09-10 00:00:00-04:00,0.0,7650000.0,0.4536667149633208,54.768172274846094,3.5715782165527346,-0.006983596476351606,-0.015992797079916965,-0.43562231759656656,-0.43562231759656656,-0.07887491524987367,-0.005626379004971205,3.5758666871802696,3.5755926685638917,11.96908368739391,27.81929989319663
2019-09-11 00:00:00-04:00,0.0,7650000.0,0.44945194649749454,54.66301414949342,3.607949447631836,0.010183518006279924,0.0020087358317137927,0.3155893536121672,0.3155893536121672,-0.009290451176624304,-0.001920059059574819,3.5778734081998618,3.58572468390775,12.24336843027387,28.09358463607659
2019-09-12 00:00:00-04:00,0.0,7650000.0,0.365833462725962,57.60233184933256,3.6285011291503912,0.005696222138601437,0.01371444252364351,0.3121387283236994,0.3121387283236994,-0.18604543694416653,0.053771599418221516,3.5914946588397383,3.591404743919356,12.515026853257494,28.365243059060212
2019-09-13 00:00:00-04:00,0.0,7650000.0,0.2580816611571395,70.24553151545302,3.6117012023925783,-0.004629990775763315,-0.0014384587217611822,-0.30176211453744495,-0.30176211453744495,-0.29453784999853083,0.219491108436211,3.590055164543023,3.5867640015369053,12.155831429093427,28.006047634896145
2019-09-16 00:00:00-04:00,0.0,7650000.0,0.27469045869615366,64.98052979583329,3.602079391479492,-0.0026640661488586126,-0.01134235730001043,-0.28391167192429023,-0.28391167192429023,0.06435481492387596,-0.07495141122907589,3.578647992138334,3.584096380448691,11.821879672697548,27.67209587850027
2019-09-17 00:00:00-04:00,0.0,7650000.0,0.24976563086489628,67.61707226771654,3.616105651855469,0.00389393426728879,0.00555421686072366,-0.20264317180616742,-0.20264317180616742,-0.09073787254776022,0.040574345579624804,3.5841868412143354,3.587982752977526,11.595426686481972,27.445642892284692
2019-09-18 00:00:00-04:00,0.0,7650000.0,0.22160033495480452,66.56776087393865,3.611538314819336,-0.0012630540907424548,0.0018561974581732255,0.3425414364640884,0.3425414364640884,-0.11276689996361822,-0.015518438740194762,3.586041318066867,3.586718900561676,11.889991098556695,27.740207304359412
2019-09-19 00:00:00-04:00,0.0,7650000.0,0.19356272656893117,61.73617247164051,3.620020294189453,0.00234857798277055,0.002575969278966417,-0.1152263374485597,-0.1152263374485597,-0.12652331230271663,-0.07258150700679067,3.5886139752237005,3.589064724945694,11.76756768334381,27.617783889146526
2019-09-20 00:00:00-04:00,0.0,7650000.0,0.17112746561014874,55.80888867014468,3.5803863525390627,-0.010948541286911473,0.003380601919822368,1.0,1.0,-0.11590692772553413,-0.09600990090888151,3.591988875754657,3.578055807287391,12.904207367601158,28.754423573403876
2019-09-23 00:00:00-04:00,0.0,7650000.0,0.21327759599284574,62.110949828453855,3.581039047241211,0.0001822972824387925,-0.015857994570755096,-0.6761194029850746,-0.6761194029850746,0.24630838908536523,0.11292217617084543,3.576003797873058,3.5782380879556994,11.776827008756605,27.627043214559325
2019-09-24 00:00:00-04:00,0.0,7650000.0,0.19813924853325968,46.26030725406291,3.5290443420410162,-0.013281453950309552,0.007885562314886574,1.0,1.0,-0.07097954845709098,-0.2551988436526784,3.5838584316277617,3.564867646697022,12.601487417784837,28.451703623587555
2019-09-25 00:00:00-04:00,0.0,7650000.0,0.3528154640539079,41.455790933673924,3.575748062133789,0.011962837854085251,-0.021130837164370586,-0.13535353535353534,-0.13535353535353534,0.7806439999427184,-0.1038582881432768,3.5625011425633364,3.5767594953999877,12.456052850797944,28.306269056600662
2019-09-26 00:00:00-04:00,0.0,7650000.0,0.3601992091187736,41.38754610501359,3.563990020751953,-0.003288274558923887,0.013155935095671811,0.016355140186915973,0.016355140186915973,0.020928065283832176,-0.0016462073723191306,3.5755712899375336,3.5734658025852073,12.47227568630483,28.32249189210755
2019-09-27 00:00:00-04:00,0.0,7650000.0,0.3549237130399661,37.87180609110218,3.5154903411865233,-0.013608253469575393,-9.150072099906037e-05,-0.020689655172413834,-0.020689655172413834,-0.014646051255120751,-0.08494680996526927,3.5754797850300886,3.5597641081538285,12.451369001485517,28.301585207288234
2019-09-30 00:00:00-04:00,0.0,7650000.0,0.37745111659300795,45.90706654014061,3.5439037322998046,0.008082340827507917,-0.012483547928414662,-0.528169014084507,-0.528169014084507,0.06347111428563568,0.21216998285503696,3.5629176630101025,3.567813961795654,11.700234563275222,27.55045076907794
2019-10-01 00:00:00-04:00,0.0,7650000.0,0.27222396297778656,35.730999786649775,3.513041305541992,-0.00870859625122622,0.009909485524215222,0.05970149253731338,0.05970149253731338,-0.2787835271624963,-0.22166667400961027,3.572778371554455,3.5590672241197967,11.758221820925572,27.60843802672829
2019-10-02 00:00:00-04:00,0.0,7650000.0,0.38538698710976704,26.284081924146065,3.451150131225586,-0.017617548139491013,-0.021183104734176283,0.408450704225352,0.408450704225352,0.4156982467455099,-0.2643899672248571,3.5513676851951965,3.541292639851161,12.100712129872347,27.950928335675066
2019-10-03 00:00:00-04:00,0.0,7650000.0,0.45875385726328516,35.486094669773905,3.4952419281005858,0.01277597183503043,-0.010164593419189516,0.45333333333333337,0.45333333333333337,0.19037194458416296,0.3500983131989992,3.541151079540658,3.553987687486027,12.47457189856518,28.3247881043679
2019-10-04 00:00:00-04:00,0.0,7650000.0,0.4610343587344944,44.17967581793168,3.5501102447509765,0.015698002535752265,0.018787531672478597,-0.48853211009174313,-0.48853211009174313,0.004971078575368715,0.2449855705187738,3.559764305340485,3.5695637508586078,11.804101426676265,27.654317632478985
2019-10-07 00:00:00-04:00,0.0,7650000.0,0.422175982604158,41.308246270871095,3.539005661010742,-0.0031279546196214536,0.006549582947454224,-0.2600896860986547,-0.2600896860986547,-0.08428520650174487,-0.06499435529798814,3.5662925329644715,3.566430893963536,11.502875129116727,27.353091334919444
2019-10-08 00:00:00-04:00,0.0,7650000.0,0.360742215491197,36.497111943808825,3.475971984863281,-0.017811126114293474,-0.007245565966506273,0.9333333333333333,0.9333333333333333,-0.1455169636463255,-0.11646910148434186,3.559020590398723,3.548459240774172,12.162120758000992,28.01233696380371
2019-10-09 00:00:00-04:00,0.0,7650000.0,0.3562487393516823,40.3226750953728,3.5166336059570313,0.011697913927620318,-0.0019058371860442014,-0.3385579937304075,-0.3385579937304075,-0.012456197102954203,0.1048182430832838,3.5571129347942154,3.560089263054161,11.748787788692212,27.599003994494932
2019-10-10 00:00:00-04:00,0.0,7650000.0,0.27889673077745436,45.30610597502538,3.5324733734130858,0.004504241621652749,0.0021889810682966804,0.3507109004739337,0.3507109004739337,-0.21712921346752445,0.12358879632528286,3.5592995235339924,3.5645833909379614,12.049418835484797,27.899635041287514
2019-10-11 00:00:00-04:00,0.0,7650000.0,0.3788929887096499,50.400350293798084,3.5855453491210936,0.01502402710447881,0.0179848017885329,0.12280701754385959,0.12280701754385959,0.35854223767143245,0.11244056864169405,3.577124512070065,3.579495675175651,12.165250651009918,28.015466856812637
2019-10-14 00:00:00-04:00,0.0,7650000.0,0.31342126465211523,55.40666811720762,3.5844024658203124,-0.00031874741203907764,0.0006392813052280566,-0.61875,-0.61875,-0.17279740192739856,0.09933101246769671,3.577763589122045,3.5791768769528582,11.200950699949402,27.051166905752122
2019-10-15 00:00:00-04:00,0.0,7650000.0,0.3700958011241758,55.47763038372464,3.631922149658203,0.013257351620255431,0.004288425139232999,0.20491803278688514,0.20491803278688514,0.18082543485033464,0.0012807531823948448,3.582042845170816,3.592347118937896,11.387362241994882,27.237578447797603
2019-10-16 00:00:00-04:00,0.0,7650000.0,0.447448824956576,54.28480537641688,3.608897018432617,-0.006339654396984473,0.005496787923057189,0.27210884353741505,0.27210884353741505,0.2090081097851917,-0.02150100858773696,3.58752458088913,3.5859872835932722,11.628038272070732,27.478254477873453
2019-10-17 00:00:00-04:00,0.0,7650000.0,0.47152107174253444,60.258199664356304,3.61412353515625,0.0014482310514647434,0.004021264273644132,-0.22459893048128343,-0.22459893048128343,0.05379888256113885,0.11003805294168867,3.591537781489806,3.587434466969543,11.37366339763672,27.22387960343944
2019-10-18 00:00:00-04:00,0.0,7650000.0,0.3778452415427414,52.20236802292569,3.5659500122070313,-0.01332924081886322,-0.0054450133285992575,1.0,1.0,-0.1986673254147654,-0.1336885550232555,3.586077890043857,3.57401559444752,12.532494546297885,28.382710752100603
2019-10-21 00:00:00-04:00,0.0,7650000.0,0.19290501158052137,59.023708144667395,3.6048152923583983,0.010898997467245097,-0.005655520796739366,-0.6839826839826839,-0.6839826839826839,-0.48946025946260285,0.13067108600793698,3.5804063162353366,3.5848556259019286,11.380536276924483,27.2307524827272
2019-10-22 00:00:00-04:00,0.0,7650000.0,0.17173969834768543,59.869761665979304,3.5501102447509765,-0.015175548029711106,0.006779822822690518,0.29452054794520555,0.29452054794520555,-0.10971883550055528,0.014334130265726941,3.587163259414344,3.5695637508586078,11.638676670275789,27.488892876078506
2019-10-23 00:00:00-04:00,0.0,7650000.0,0.2839609974411882,56.665453329378344,3.5571319580078127,0.0019778859733210474,-0.01975053300415519,-0.40740740740740744,-0.40740740740740744,0.6534383149218754,-0.05352131439036267,3.567215077861419,3.5715396833908324,11.115428526511241,26.965644732313958
2019-10-24 00:00:00-04:00,0.0,7650000.0,0.28963619685471176,55.55549937428105,3.6004058837890627,0.012165397936343636,0.01180318252800383,0.7946428571428572,0.7946428571428572,0.01998584124109848,-0.019587842148645396,3.5789491461443115,3.583631677597776,11.700234563275222,27.55045076907794
2019-10-25 00:00:00-04:00,0.0,7650000.0,0.28186951115379044,59.94485508382269,3.633391571044922,0.009161657968724812,0.00022763236082190552,1.0,1.0,-0.026815314471268503,0.07900848267010008,3.5791767526008185,3.5927516221605353,12.465355243460257,28.315571449262976
2019-10-28 00:00:00-04:00,0.0,7650000.0,0.34236445051798586,71.96390314121801,3.6750324249267576,0.011460601773196855,0.019225500911869142,-0.46064814814814814,-0.46064814814814814,0.21462037208837703,0.20050174515542207,3.598219778641498,3.604147048729244,11.847968108781847,27.698184314584566
2019-10-29 00:00:00-04:00,0.0,7650000.0,0.43802345482553967,64.02931932513526,3.641720199584961,-0.009064471136594365,0.004023114826580798,-0.36480686695278974,-0.36480686695278974,0.27940694240545416,-0.11025783024181379,3.602234822381654,3.5950412453144076,11.394141928980261,27.24435813478298
2019-10-30 00:00:00-04:00,0.0,7650000.0,0.4581166028895577,64.56154105547125,3.664255142211914,0.00618799396766434,-0.0056097091134803545,0.7432432432432432,0.7432432432432432,0.04587231081500165,0.008312156617399147,3.5966093197576443,3.601210172264698,11.949889240137765,27.80010544594048
2019-10-31 00:00:00-04:00,0.0,7650000.0,0.5100594885074551,59.05616283452695,3.6588668823242188,-0.0014704925499381405,0.006850128021941293,-0.18992248062015504,-0.18992248062015504,0.11338354752975355,-0.0852733396839781,3.603436092250871,3.599738597479514,11.739263907180957,27.589480112983676
2019-11-01 00:00:00-04:00,0.0,7650000.0,0.4069659997256994,62.66664820908061,3.6960979461669923,0.010175572121148946,0.0020897517319415915,-0.215311004784689,-0.215311004784689,-0.2021205194778939,0.06113647079763895,3.605523663488927,3.6098627470086564,11.496796083040344,27.347012288843064
2019-11-04 00:00:00-05:00,0.0,7650000.0,0.4183966746782273,60.51702114421039,3.719612884521485,0.006362098271470051,0.01167011313530164,-0.030487804878048808,-0.030487804878048808,0.028087542841987556,-0.034302569649141246,3.6171262060500036,3.6162046925634637,11.465833857436378,27.316050063239096
2019-11-05 00:00:00-05:00,0.0,7650000.0,0.3265544742683185,63.11285338850257,3.713734817504883,-0.001580289992289985,0.002149494041157718,0.14465408805031443,0.14465408805031443,-0.2195098717754892,0.04289425016651749,3.6192733932339705,3.6146231525958883,11.600936342292941,27.45115254809566
2019-11-06 00:00:00-05:00,0.0,7650000.0,0.315116647859735,61.629451584233934,3.707366943359375,-0.0017146819733849794,-0.005120720198393047,-0.17032967032967028,-0.17032967032967028,-0.035025783781438835,-0.023503957191370994,3.6141395172171746,3.612906998872739,11.414209492031071,27.26442569783379
2019-11-07 00:00:00-05:00,0.0,7650000.0,0.3278411171016722,71.39722026574564,3.7240219116210938,0.004492398113316254,0.004838881486353364,0.3708609271523178,0.3708609271523178,0.04038018723657255,0.15849189681919063,3.6189667289470795,3.6173893362855125,11.729648448481516,27.579864654284233
2019-11-08 00:00:00-05:00,0.0,7650000.0,0.23539005396251628,69.4525573207801,3.7393726348876952,0.004122081886440698,-0.004334235123359176,-0.2028985507246377,-0.2028985507246377,-0.2819995977212474,-0.02723723609585027,3.6146230737977425,3.621502945667339,11.502875129116727,27.353091334919444
2019-11-11 00:00:00-05:00,0.0,7650000.0,0.17288511288769023,81.36115087835363,3.735290145874024,-0.0010917577391411637,0.0016270177868416003,-0.4727272727272728,-0.4727272727272728,-0.2655377320435951,0.17146371590856435,3.6162487694250687,3.620410591526594,10.86283777387073,26.71305397967345
2019-11-12 00:00:00-05:00,0.0,7650000.0,0.11023873395051302,81.84325196539199,3.7501510620117187,0.003978517212139376,0.0063657178379494805,0.26436781609195403,0.26436781609195403,-0.36235843497915066,0.005925445766606252,3.6225943116574304,3.624381215368144,11.097410021008562,26.94762622681128
2019-11-13 00:00:00-05:00,0.0,7650000.0,0.11649562270731821,77.59926448798215,3.746067428588867,-0.0010889250473715695,-0.002225096826682038,0.13636363636363646,0.13636363636363646,0.05675762531538098,-0.05185506899462444,3.620366735624472,3.6232916970111404,11.225243392518447,27.075459598321167
2019-11-14 00:00:00-05:00,0.0,7650000.0,0.11773189847069246,74.6856948691811,3.7486808776855467,0.0006976513761429715,-0.0006555050581893429,0.776,0.776,0.010612207863640144,-0.03754635611594326,3.6197110156289085,3.6239891051416895,11.799607037088427,27.649823242891145
2019-11-15 00:00:00-05:00,0.0,7650000.0,0.20192149135521725,73.28460106199572,3.77807502746582,0.007841198207947153,0.011549561281884113,0.12612612612612617,0.12612612612612617,0.7150958574364832,-0.018759868401030944,3.631194389861321,3.631799720919537,11.918390573078392,27.76860677888111
2019-11-18 00:00:00-05:00,0.0,7650000.0,0.2483537241076315,86.84467992818783,3.7862403869628904,0.0021612486352731164,-4.311089180542016e-05,0.1120000000000001,0.1120000000000001,0.22995191071925758,0.18503312660078275,3.6311512780402144,3.6339586374165944,12.024550768906783,27.8747669747095
2019-11-19 00:00:00-05:00,0.0,7650000.0,0.3040057960431882,86.18908179059615,3.799465560913086,0.0034929567588295463,0.007568420581035129,1.0,1.0,0.22408390345472817,-0.007549088074638499,3.638691201819736,3.6374455079704138,13.30867695546782,29.15889316127054
2019-11-20 00:00:00-05:00,0.0,7650000.0,0.2811887661949322,79.70962490699186,3.7788917541503912,-0.0054149212390151025,-0.003991717131322514,-0.5876494023904382,-0.5876494023904382,-0.07505458825204281,-0.07517723531788734,3.6346914965208286,3.6320158729052086,12.422795629041461,28.27301183484418
2019-11-21 00:00:00-05:00,0.0,7650000.0,0.2651962205464263,69.35088472972944,3.7651741027832033,-0.0036300725873192885,-0.003965131278386713,-0.24879227053140096,-0.24879227053140096,-0.0568747673134965,-0.12995595186088726,3.6307184832671373,3.6283791956158518,12.136722567395381,27.986938773198098
2019-11-22 00:00:00-05:00,0.0,7650000.0,0.21764225694617045,64.15956530123523,3.7638683319091797,-0.0003468022562510553,0.0003462693271194528,-0.585209003215434,-0.585209003215434,-0.1793161437303773,-0.07485585005476925,3.6310646926568695,3.628032333209791,11.25674205957782,27.106958265380538
2019-11-25 00:00:00-05:00,0.0,7650000.0,0.1103944481688988,75.02062353401855,3.814162826538086,0.01336244793754382,0.0015135746960301955,1.0,1.0,-0.4927710743405739,0.1692819797295948,3.6325771230532293,3.6413062910643825,12.222929762596596,28.073145968399317
2019-11-26 00:00:00-05:00,0.0,7650000.0,0.17356012469677487,78.6456181105442,3.824778747558594,0.002783289938920408,0.010149822234646111,-0.6460176991150443,-0.6460176991150443,0.5721816411567662,0.04831997397198218,3.642675781751463,3.6440857148239982,11.184421397998193,27.03463760380091
2019-11-27 00:00:00-05:00,0.0,7650000.0,0.2410988413120925,79.41652985978436,3.8491092681884767,0.006361288387050745,0.004660084896014771,0.8333333333333333,0.8333333333333333,0.38913729022328036,0.00980234840492411,3.6473250420678047,3.650426855614053,11.790557201568507,27.640773407371228
2019-11-29 00:00:00-05:00,0.0,7650000.0,0.28980089233046663,72.41963292647387,3.834413528442383,-0.003817958577468472,0.0005535923196489101,-0.4772727272727273,-0.4772727272727273,0.2020003528566583,-0.08810378576933575,3.6478784812117544,3.646601590028235,11.141861783579396,26.992077989382114
2019-12-02 00:00:00-05:00,0.0,7650000.0,0.30936082734001785,58.56708293307706,3.780197525024414,-0.014139320919825837,-0.0006383705513109961,1.0,1.0,0.06749439193322626,-0.1912816930108029,3.6472399068152055,3.6323613565577455,11.99535161421452,27.84556782001724
2019-12-03 00:00:00-05:00,0.0,7650000.0,0.44632211982337,51.237248278623355,3.756846618652344,-0.006177165668590168,-0.03034531162550913,1.0,1.0,0.4427234490578158,-0.12515280405597973,3.6164246445840242,3.6261650332673585,12.985856132749666,28.836072338552384
2019-12-04 00:00:00-05:00,0.0,7650000.0,0.4413863112738474,54.26415084041308,3.7699092864990242,0.00347702985312881,0.016239857338901542,-0.7400275103163687,-0.7400275103163687,-0.011058848150918177,0.05907621239395433,3.6325340459357762,3.629636032227874,11.638676670275789,27.488892876078506
2019-12-05 00:00:00-05:00,0.0,7650000.0,0.4406184348349148,54.948359104496866,3.7767684936523436,0.0018194621228377894,0.0003024876648389796,1.0,1.0,-0.0017396924628598764,0.012608844946196518,3.6328364878604456,3.631453841134509,12.451369001485517,28.301585207288234
2019-12-06 00:00:00-05:00,0.0,7650000.0,0.4342968348921597,55.71274733260662,3.8110610961914064,0.009079879425148318,0.005483593798830233,-0.5586854460093897,-0.5586854460093897,-0.014347107254201963,0.013911029202092973,3.638305101497264,3.6404927462952883,11.633371618046096,27.483587823848815
2019-12-09 00:00:00-05:00,0.0,7650000.0,0.4038221196393539,51.97313062267562,3.797833251953125,-0.003470908469953571,0.0003004431647344319,0.11702127659574457,0.11702127659574457,-0.0701702448749667,-0.06712317896666242,3.638605499537989,3.637015800247897,11.744037185933616,27.594253391736334
2019-12-10 00:00:00-05:00,0.0,7650000.0,0.35715381564897614,48.303445432779974,3.789669418334961,-0.002149602964786723,-0.0008153834048952868,0.34285714285714275,0.34285714285714275,-0.11556648762097621,-0.07060735318288835,3.6377897835272317,3.6348638835703535,12.03883672615426,27.88905293195698
2019-12-11 00:00:00-05:00,0.0,7650000.0,0.30146518984494886,56.44008657203658,3.8169403076171884,0.007196112977635227,0.0006873338245811933,-0.17375886524822692,-0.17375886524822692,-0.1559233679271681,0.16844846296895555,3.6384768812461026,3.6420342280750404,11.847968108781847,27.698184314584566
2019-12-12 00:00:00-05:00,0.0,7650000.0,0.1108203167237431,62.493543798250386,3.8417613983154295,0.006502876308730254,0.001159301476920671,0.49356223175965663,0.49356223175965663,-0.6323943179617495,0.1072545701801424,3.639635511251974,3.648516051902129,12.24913213499062,28.099348340793338
2019-12-13 00:00:00-05:00,0.0,7650000.0,0.17126272487217656,64.70589628955717,3.85858039855957,0.004377939830286115,0.008362303712549535,1.0,1.0,0.5454090904568203,0.035401296787536785,3.6479630446085376,3.6528844364320388,12.998159773945023,28.84837597974774
2019-12-16 00:00:00-05:00,0.0,7650000.0,0.3093382510977457,62.98460808321003,3.8939002990722655,0.010535792004715328,0.011364194863552779,-0.7051630434782609,-0.7051630434782609,0.8062205382322571,-0.026601721095778186,3.659263152086955,3.663365113760032,11.776827008756605,27.627043214559325
2019-12-17 00:00:00-05:00,0.0,7650000.0,0.42328611804160254,61.22001517927645,3.8917747497558595,-0.0019129013758449886,0.0048845831268260476,0.7788018433179724,0.7788018433179724,0.36836009300334216,-0.028016255997057926,3.6641358443431966,3.6614503804517735,12.352767024680977,28.202983230483696
2019-12-18 00:00:00-05:00,0.0,7650000.0,0.4602132694319804,58.93035711144459,3.8994606018066404,0.001974896427719308,-0.0007959914799520185,0.015544041450777257,0.015544041450777257,0.08723922145433671,-0.03740048187062406,3.6633395358938117,3.663423329335253,12.36819149500661,28.218407700809326
2019-12-19 00:00:00-05:00,0.0,7650000.0,0.4473504321195422,65.83056739728642,3.9280773162841798,0.007338634082949991,0.0010065789651190205,0.0714285714285714,0.0714285714285714,-0.027949731497994845,0.1170909294303557,3.6643456085980235,3.6707351666642865,12.437184366493561,28.287400572296278
2019-12-20 00:00:00-05:00,0.0,7650000.0,0.46489021840410794,81.73911104835653,3.9431198120117186,0.0038294805616934102,0.011856117529104537,0.38095238095238093,0.38095238095238093,0.03920815768850927,0.24165891743059587,3.6761319930006415,3.6745573334313697,12.759957758756611,28.61017396455933
2019-12-23 00:00:00-05:00,0.0,7650000.0,0.3963883029872841,90.18160737577902,3.949334335327149,0.001576042223342844,0.0018633609229925518,-0.07931034482758625,-0.07931034482758625,-0.14735073508747865,0.10328588382161308,3.6779936200202608,3.6761321350035425,12.67732549417634,28.52754169997906
2019-12-24 00:00:00-05:00,0.0,7650000.0,0.3088876366044712,89.63774376489647,3.949825668334961,0.0001244090689960231,-0.0007436944070123852,-0.45880149812734083,-0.45880149812734083,-0.22074482451521749,-0.006030759782494455,3.6772496489353785,3.676256536334372,12.063356343328579,27.913572549131295
2019-12-26 00:00:00-05:00,0.0,7650000.0,0.2880332087787618,90.94885174081436,3.9895599365234373,0.010059752385281007,0.0016126918805818846,1.0,1.0,-0.06751460840245083,0.014626740041078001,3.6788610418248036,3.686266026215116,12.8646283813205,28.714844587123217
2019-12-27 00:00:00-05:00,0.0,7650000.0,0.3618667233361358,88.16679957845597,3.985963821411133,-0.0009013813978286933,0.011231598155842404,-0.687888198757764,-0.687888198757764,0.2563368122391938,-0.03058919501575097,3.6900300339233136,3.6853642383287895,11.700234563275222,27.55045076907794
2019-12-30 00:00:00-05:00,0.0,7650000.0,0.3169899413777429,80.88677565147265,3.952113723754883,-0.008492324359398284,-0.004818630871374019,0.1691542288557213,0.1691542288557213,-0.12401466911536685,-0.08257103537602184,3.6851997560199745,3.6768356487194045,11.856515169360305,27.706731375163024
2019-12-31 00:00:00-05:00,0.0,7650000.0,0.22844248871748318,84.1147213127808,3.959635543823242,0.0019032397835994086,-0.011693761500808808,-0.35744680851063826,-0.35744680851063826,-0.27933836725355776,0.03990696421398754,3.6734370847537825,3.6787370796369405,11.414209492031071,27.26442569783379
2020-01-02 00:00:00-05:00,0.0,7650000.0,0.24757800478063366,86.72265078530074,4.035836410522461,0.019244414253752895,0.014821494475136587,1.0,1.0,0.08376513568286126,0.031004435749389714,3.688149814268848,3.697798662087742,14.559160720697326,30.409376926500045
2020-01-03 00:00:00-05:00,0.0,7650000.0,0.24172661263681902,76.2519825806789,4.002640914916992,-0.008225183637007527,-0.003804917085386994,-0.9021677124928693,-0.9021677124928693,-0.02363453954239292,-0.120737409544181,3.684337640072128,3.6895394649880813,12.234660102382087,28.084876308184803
2020-01-06 00:00:00-05:00,0.0,7650000.0,0.22888723424020452,76.93094703387524,4.0284782409667965,0.006455069689992543,-0.004188473105655177,0.8862973760932944,0.8862973760932944,-0.05311528696223844,0.008904220326048096,3.6801403707425706,3.6959737899403504,12.869275949717046,28.719492155519767
2020-01-07 00:00:00-05:00,0.0,7650000.0,0.29743096983322465,74.14294408922518,4.029787063598633,0.00032489256576484493,0.016949282947980038,-0.6151468315301392,-0.6151468315301392,0.2994650873411633,-0.036240330480039606,3.6969476172911238,3.696298629739954,11.914382551680854,27.764598757483572
2020-01-08 00:00:00-05:00,0.0,7650000.0,0.3377466600508123,77.46463618839935,4.063961791992188,0.008480529579902196,-0.00040569777874144286,0.6224899598393574,0.6224899598393574,0.13554637649264767,0.04480118964761881,3.696541837194774,3.704743401649306,12.398344533177296,28.248560738980014
2020-01-09 00:00:00-05:00,0.0,7650000.0,0.5160074222646579,79.35959838918758,4.1004268646240245,0.008972789238247403,0.01578100862029852,-0.16584158415841588,-0.16584158415841588,0.5277943005773238,0.024462287490507828,3.712199620421842,3.7136761746078246,12.217012585568508,28.067228791371228
2020-01-10 00:00:00-05:00,0.0,7650000.0,0.5729344951983929,75.85481306825292,4.093722534179689,-0.0016350323187511728,0.006070528364193972,0.08902077151335308,0.08902077151335308,0.11032219785500952,-0.04416334497746366,3.718251797359845,3.7120398041649487,12.302291503270716,28.152507709073436
2020-01-13 00:00:00-05:00,0.0,7650000.0,0.6204157242879753,78.21270651443922,4.143432998657227,0.01214309569407579,-0.0017466047414192998,1.0,1.0,0.08287374819898186,0.03108429578574934,3.716503665525954,3.724109763941529,13.1538620444637,29.004078250266417
2020-01-14 00:00:00-05:00,0.0,7650000.0,0.6376191311203646,72.74303443552215,4.119068145751953,-0.005880354023624745,0.0081122030735441,-0.6779069767441861,-0.6779069767441861,0.02772883755022959,-0.06993329246197721,3.7245831415533064,3.718212052557785,12.020947161403486,27.871163367206204
2020-01-15 00:00:00-05:00,0.0,7650000.0,0.4546985863757853,73.21253830310945,4.12609977722168,0.0017070927746067888,-0.004733494542503158,-0.15884476534296033,-0.15884476534296033,-0.2868805777881358,0.006454279385381678,3.7198384085466807,3.719917689905652,11.847968108781847,27.698184314584566
2020-01-16 00:00:00-05:00,0.0,7650000.0,0.4083957532899141,73.69959843477352,4.172865676879883,0.011334165963793774,0.006777204371510859,0.06008583690987135,0.06008583690987135,-0.10183192662843299,0.006652687407825875,3.726592750904212,3.731188105463274,11.906317991844123,27.756534197646843
2020-01-17 00:00:00-05:00,0.0,7650000.0,0.3238725107643297,75.78650870906944,4.1949413299560545,0.00529028604934112,0.009369416750712789,0.37651821862348167,0.37651821862348167,-0.20696405837888965,0.028316440233292495,3.735918546925315,3.73646444710768,12.225875272826354,28.07609147862907
2020-01-21 00:00:00-05:00,0.0,7650000.0,0.3146933600706989,82.79310482186503,4.1970664978027346,0.0005066025194448986,-0.002067148593763668,-0.2382352941176471,-0.2382352941176471,-0.028341864124152627,0.0924517599787138,3.733849258830945,3.736970921347391,11.953757716915684,27.803973922718402
2020-01-22 00:00:00-05:00,0.0,7650000.0,0.39085357673651583,82.91284706092368,4.207205581665039,0.0024157548772727466,0.00906720574822062,-0.019305019305019266,-0.019305019305019266,0.24201405663184872,0.0014462827468095796,3.7428756042759126,3.7393837629796978,11.934263922234683,27.7844801280374
2020-01-23 00:00:00-05:00,0.0,7650000.0,0.35393102013287897,79.73160918987074,4.224375534057617,0.0040810823382162464,-0.002982215013127787,-0.30708661417322836,-0.30708661417322836,-0.09446646724312124,-0.038368455357894016,3.739888933598889,3.7434565402893907,11.567413650254299,27.417629856057015
2020-01-24 00:00:00-05:00,0.0,7650000.0,0.4185850088623182,81.49700370524772,4.198048400878906,-0.0062321952597389485,0.009750543127001077,1.0,1.0,0.18267398179782512,0.02214171435036416,3.749592246942775,3.7372048438350522,12.451369001485517,28.301585207288234
2020-01-27 00:00:00-05:00,0.0,7650000.0,0.48754589405805865,59.982619548572,4.104024124145508,-0.022397139755157003,-0.035124957672454604,0.42488262910798125,0.42488262910798125,0.1647476229097904,-0.26398987911859106,3.7138355710990787,3.714553079048334,12.805458446275644,28.655674652078364
2020-01-28 00:00:00-05:00,0.0,7650000.0,0.5167315197286201,66.09286321997355,4.173520278930664,0.016933661373061737,0.007815090593577434,-0.5848434925864909,-0.5848434925864909,0.05986231455594182,0.10186690273594445,3.7216202820492863,3.7313449642655363,11.926358742727569,27.77657494853029
2020-01-29 00:00:00-05:00,0.0,7650000.0,0.5185254902291774,63.257944910356755,4.173356628417968,-3.921162514086696e-05,0.015706580572760087,-0.3015873015873016,-0.3015873015873016,0.003471765185718567,-0.042892956538763904,3.737204790846358,3.7313057518715995,11.567413650254299,27.417629856057015
2020-01-30 00:00:00-05:00,0.0,7650000.0,0.540001665782713,60.418378700358424,4.180224609375,0.001645673151981386,-0.012464404076034996,1.0,1.0,0.041417781687152155,-0.044888688907334884,3.724662054495119,3.732950072387314,12.393381743835167,28.243597949637888
2020-01-31 00:00:00-05:00,0.0,7650000.0,0.5168925487688637,52.0603417051612,4.112036895751953,-0.016311973636565447,0.012897859347982488,-0.23383084577114432,-0.23383084577114432,-0.042794529124930536,-0.13833600263668844,3.7374774448142047,3.7165035938089783,12.127029438189721,27.97724564399244
2020-02-03 00:00:00-05:00,0.0,7650000.0,0.5282768713794227,52.54910589508614,4.166325378417969,0.01320233354960898,-0.01802964850161959,-0.3116883116883117,-0.3116883116883117,0.022024543858630174,0.009388416862359694,3.7192832817739045,3.7296195360997637,11.75351592988816,27.603732135690876
2020-02-04 00:00:00-05:00,0.0,7650000.0,0.44972806159419315,63.2366449656649,4.254953002929688,0.021272372285376484,0.02304002317620868,1.0,1.0,-0.14868871616530355,0.20338193939810023,3.7420618913174986,3.7506688098184764,13.535002689260493,29.38521889506321
2020-02-05 00:00:00-05:00,0.0,7650000.0,0.643895097834947,63.37668106655413,4.263947296142578,0.002113840789004451,0.02159097469170357,-0.49324861000794284,-0.49324861000794284,0.43174320844572556,0.0022144770799472635,3.763423082531213,3.7527804195894983,12.855267938560937,28.705484144363655
2020-02-06 00:00:00-05:00,0.0,7650000.0,0.6666506483549925,62.58101459624322,4.29975700378418,0.00839825287568563,-0.007019785832557579,-0.7100313479623824,-0.7100313479623824,0.0353404624395488,-0.012554561976436562,3.756378542086011,3.7611436033489047,11.617285480294472,27.46750168609719
2020-02-07 00:00:00-05:00,0.0,7650000.0,0.7099219640619363,57.77278051417587,4.2739215850830075,-0.006008576456398407,-0.00011451038437437777,0.1351351351351351,0.1351351351351351,0.06490853314808698,-0.07683215289954715,3.756264025144822,3.7551169027603652,11.744037185933616,27.594253391736334
2020-02-10 00:00:00-05:00,0.0,7650000.0,0.6318347573968461,61.84947610771708,4.3303367614746096,0.013199862297077258,-0.004547472190374768,0.01904761904761898,0.01904761904761898,-0.10999407064165367,0.07056429614878756,3.7517061817489967,3.7682304059968144,11.762905670237998,27.613121876040715
2020-02-11 00:00:00-05:00,0.0,7650000.0,0.7467270000158346,60.73530350155307,4.326575469970703,-0.0008685909921299917,0.023533429714595266,0.705607476635514,0.705607476635514,0.18183906674008177,-0.018014261013683752,3.774966969488784,3.76736143756095,12.296827008798639,28.147043214601357
2020-02-12 00:00:00-05:00,0.0,7650000.0,0.5161092551761043,62.65722382930851,4.3723594665527346,0.01058204043817157,-0.0003755377450862518,-0.28767123287671237,-0.28767123287671237,-0.30883809589694755,0.031644203897100764,3.7745913612117397,3.777887880091468,11.957611286231675,27.80782749203439
2020-02-13 00:00:00-05:00,0.0,7650000.0,0.4135004006829362,65.02180508153205,4.367291259765625,-0.0011591468693000762,-0.003526854049754613,0.4076923076923078,0.4076923076923078,-0.19881227368836163,0.03773836610867343,3.771058273150292,3.7767280608918323,12.299562988617513,28.14977919442023
2020-02-14 00:00:00-05:00,0.0,7650000.0,0.48490743470967423,78.70918454231816,4.381844711303711,0.003332374845745223,0.008623008047918823,-0.19672131147540983,-0.19672131147540983,0.1726891531635819,0.21050445221604108,3.7796443154164656,3.7800548956808067,12.080509422554828,27.930725628357546
2020-02-18 00:00:00-05:00,0.0,7650000.0,0.46011413899112735,74.87234764739878,4.380373001098633,-0.000335865440708516,-0.004629268013999321,-0.010204081632653073,-0.010204081632653073,-0.051129955830417906,-0.04874700350702388,3.775004299157461,3.779718973824669,12.070252922387638,27.92046912819036
2020-02-19 00:00:00-05:00,0.0,7650000.0,0.46252751819266336,77.23884975793182,4.423051834106445,0.009743196069628812,0.011251965557259824,-0.0068728522336769515,-0.0068728522336769515,0.005245175049016559,0.031607157847884704,3.7861934322368755,3.7894150110307487,12.063356343328579,27.913572549131295
2020-02-20 00:00:00-05:00,0.0,7650000.0,0.28114021487879554,71.12236691865886,4.386423110961914,-0.00828132351108457,0.001854453809441603,0.8442906574394464,0.8442906574394464,-0.39216543055133835,-0.07918920152801534,3.788046168669721,3.7810992068645213,12.675451079381991,28.52566728518471
2020-02-21 00:00:00-05:00,0.0,7650000.0,0.2776691908210735,67.05633903485536,4.288638687133789,-0.022292519748894346,-0.012031614243609434,0.045028142589118136,0.045028142589118136,-0.012346238190144576,-0.05716946805853251,3.7759415887012207,3.758554453230146,12.71949489514343,28.569711100946147
2020-02-24 00:00:00-05:00,0.0,7650000.0,1.0975159381988115,46.005596970205474,4.115470123291017,-0.04037844558047998,-0.06115361715196865,0.9515260323159784,0.9515260323159784,1.0,-0.31392620545102934,3.712838179003005,3.717338166840734,13.388106542337356,29.238322748140074
2020-02-25 00:00:00-05:00,0.0,7650000.0,1.3088892154319525,30.485677924843543,3.993484878540039,-0.02964065856306819,0.012692266635059068,1.0,1.0,0.19259244433391665,-0.33734849817106105,3.7254505739470716,3.6872493458441014,14.933533240152206,30.783749445954925
2020-02-26 00:00:00-05:00,0.0,7650000.0,1.6834605529461433,30.349605824823968,4.001170349121094,0.001924502236719139,-0.03405193913457938,-0.7763828952530404,-0.7763828952530404,0.2861749742437727,-0.004463476270891387,3.6908053605118822,3.6891719985988987,13.435713196604688,29.285929402407405
2020-02-27 00:00:00-05:00,0.0,7650000.0,2.0781713379695743,20.326137237280022,3.8118133544921884,-0.04732540184661227,-0.02766345204078846,0.027192982456140324,0.027192982456140324,0.2344639346212578,-0.3302668458166732,3.6627520688183846,3.6406901149671955,13.462543018813864,29.31275922461658
2020-02-28 00:00:00-05:00,0.0,7650000.0,2.583654746921862,23.952551603059234,3.842882537841797,0.008150761976053689,-0.05656483811188007,0.7395388556789069,0.7395388556789069,0.24323471299828325,0.17841138842298232,3.6045244314441667,3.6488078388850096,14.016163071442952,29.86637927724567
2020-03-02 00:00:00-05:00,0.0,7650000.0,2.201725975155941,32.91483293130449,4.009836196899414,0.043444902989769885,0.057776818256719986,-0.291114383897889,-0.291114383897889,-0.147825003406878,0.3741681252489437,3.660693795800566,3.6913354848246818,13.672101974668918,29.522318180471636
2020-03-03 00:00:00-05:00,0.0,7650000.0,1.5859984542539576,28.732280258159975,3.8695377349853524,-0.03498857684574419,0.036078166750400875,-0.2506925207756233,-0.2506925207756233,-0.27965674559404397,-0.12707197031422846,3.696136387322884,3.6557201445770184,13.383496114622574,29.23371232042529
2020-03-04 00:00:00-05:00,0.0,7650000.0,1.4734206788555577,35.0215305514365,4.019321060180664,0.03870832524543877,-0.019034363754647177,-0.3280961182994455,-0.3280961182994455,-0.0709822730888825,0.218891443239712,3.6769185379810025,3.693698090859046,12.985856132749666,28.836072338552384
2020-03-05 00:00:00-05:00,0.0,7650000.0,1.1614703608944914,31.688631432440857,3.8903038024902337,-0.032099266457860764,-0.006950481100383765,-0.25171939477303984,-0.25171939477303984,-0.2117184334642065,-0.09516714622453681,3.6699437897761165,3.6610723459014234,12.695878902072089,28.54609510787481
2020-03-06 00:00:00-05:00,0.0,7650000.0,1.1903816027933765,29.193115685041647,3.814266586303711,-0.019545315750880476,-0.04141163328600783,1.0,1.0,0.024891932564357067,-0.07875113675134782,3.627650261741712,3.6413334945056195,13.61143406936729,29.46165027517001
2020-03-09 00:00:00-04:00,0.0,7650000.0,1.7629514581987387,24.40856387996496,3.5454402923583985,-0.07047915709683628,-0.062453557475320554,0.5018395879323032,0.5018395879323032,0.4809968955012047,-0.1638931540126174,3.5631612780701314,3.5682474462131997,14.01812481802599,29.86834102382871
2020-03-10 00:00:00-04:00,0.0,7650000.0,1.7584545784663368,30.841847311919025,3.739864730834961,0.05483788258840838,0.04315755544767086,-0.315531602155806,-0.315531602155806,-0.0025507677545452134,0.2635666507702501,3.6054135025534997,3.621634535540454,13.639012014473108,29.489228220275827
2020-03-11 00:00:00-04:00,0.0,7650000.0,1.8487823103979841,28.60907311828082,3.564081573486328,-0.04700254420950345,-0.009820825143715184,0.0014316392269149159,0.0014316392269149159,0.05136767991495583,-0.0723943080016266,3.5955441350275605,3.5734914905242716,13.640442629881628,29.490658835684346
2020-03-12 00:00:00-04:00,0.0,7650000.0,2.233747100113072,25.38685503834779,3.222325897216797,-0.09588884800277764,-0.09047622296103774,0.4181558255897069,0.4181558255897069,0.20822613216816066,-0.11262923711688078,3.500709996640397,3.4726885201250126,13.989799943060964,29.840016148863683
2020-03-13 00:00:00-04:00,0.0,7650000.0,2.1007613351190373,37.353568427582644,3.53284912109375,0.09636617579406215,0.02758274724774945,-0.297883064516129,-0.297883064516129,-0.05953483498078327,0.4713743932109231,3.5279191933872895,3.564689754853072,13.636144628995952,29.48636083479867
2020-03-16 00:00:00-04:00,0.0,7650000.0,2.2711729388124704,32.76255459875023,3.0880746841430664,-0.12589681067754854,-0.0835054757223388,-0.10624551328068921,-0.10624551328068921,0.08111897379517274,-0.12290696771669929,3.440720007065494,3.4301329101436067,13.523820464114955,29.374036669917672
2020-03-17 00:00:00-04:00,0.0,7650000.0,2.2079177561097616,37.353497115853976,3.2882232666015625,0.06481338792945568,0.015037307407584244,0.6248995983935743,0.6248995983935743,-0.027851328105284234,0.1401277334240254,3.455645374950343,3.4929324713502714,14.009266492383892,29.85948269818661
2020-03-18 00:00:00-04:00,0.0,7650000.0,2.4550474336889234,38.18643783474363,3.160350227355957,-0.038888186378464695,-0.0301451757675677,-0.4992585269401878,-0.4992585269401878,0.1119288419576785,0.022298868464878607,3.4250364905248394,3.4532679458932747,13.31760115946483,29.16781736526755
2020-03-19 00:00:00-04:00,0.0,7650000.0,2.0251000438378255,38.77824569125047,3.2180728912353525,0.01826464148806939,0.024961490315406065,0.0029615004935834577,0.0029615004935834577,-0.17512793600287568,0.015497854475663875,3.449691531985431,3.4713677924063226,13.320558283354574,29.170774489157292
2020-03-20 00:00:00-04:00,0.0,7650000.0,1.1997724071581677,33.41313009647121,3.1037723541259767,-0.03551831825210705,0.042527652586696885,0.34842519685039375,0.34842519685039375,-0.40754906859591766,-0.13835374703373426,3.4913397315874803,3.4352033531042734,13.619495674038317,29.469711879841036
2020-03-23 00:00:00-04:00,0.0,7650000.0,1.181898086713942,35.19798398861107,3.1019737243652346,-0.0005794979642600451,-0.05588478200316094,-0.24671532846715327,-0.24671532846715327,-0.014898092619552439,0.05341773988209386,3.4338326642657404,3.4346236871661713,13.336183601257654,29.186399807060372
2020-03-24 00:00:00-04:00,0.0,7650000.0,0.8223198299949449,38.08000069730125,3.37243537902832,0.08719018234702536,0.05586904404845594,0.250968992248062,0.250968992248062,-0.30423795482971006,0.08188016420550426,3.488196830542021,3.518220240762228,13.56010204606279,29.410318251865508
2020-03-25 00:00:00-04:00,0.0,7650000.0,1.169480083886322,39.71862898532323,3.3553638458251953,-0.003045731659381601,0.03902987658730872,0.24864446165762977,0.24864446165762977,0.42217181348224475,0.04303120425462881,3.526484297382657,3.5151698614227187,13.78216057828272,29.632376784085437
2020-03-26 00:00:00-04:00,0.0,7650000.0,1.327206135667637,45.059810097602934,3.545914077758789,0.05465237280501878,-0.0045775026094450055,-0.1482630272952854,-0.1482630272952854,0.1348685231621667,0.1344754652597242,3.5218962859263634,3.56838106960201,13.621683060984118,29.471899266786835
2020-03-27 00:00:00-04:00,0.0,7650000.0,1.3302018374525841,47.2032833085095,3.400420379638672,-0.04103136594107126,0.021879050825039714,-0.24180626365622726,-0.24180626365622726,0.0022571488365219494,0.04756951274902499,3.543539425132118,3.526484158043432,13.344866723831116,29.195082929633834
2020-03-30 00:00:00-04:00,0.0,7650000.0,1.2431218021270651,45.7086197982978,3.523467254638672,0.0361857833039676,-0.00900014788878789,-0.19980787704130643,-0.19980787704130643,-0.06546377615316068,-0.03166439716582692,3.534498531248083,3.562030613316949,13.121963297382989,28.972179503185707
2020-03-31 00:00:00-04:00,0.0,7650000.0,1.405651148563026,48.0336731632419,3.4697269439697265,-0.0152521101475247,0.02796263284397682,0.887154861944778,0.887154861944778,0.13074289756471358,0.05086684689242538,3.5620773482468384,3.546660993357916,13.757033628205297,29.607249834008016
2020-04-01 00:00:00-04:00,0.0,7650000.0,0.7908645838140813,52.10752572443932,3.3155494689941407,-0.04443504560021394,-0.04668478187479219,-0.5998727735368956,-0.5998727735368956,-0.4373678101977371,0.08481243038300401,3.514267682263385,3.5012084552325615,12.841060911916587,28.691277117719306
2020-04-02 00:00:00-04:00,0.0,7650000.0,0.713527054447687,45.74391630746145,3.366667938232422,0.01541779717549785,-0.016974171310219166,0.2655007949125596,0.2655007949125596,-0.09778858599713824,-0.12212457468486615,3.4971477984543125,3.516508605865877,13.07652884106053,28.92674504686325
2020-04-03 00:00:00-04:00,0.0,7650000.0,0.7361968849694852,57.027535450789095,3.3081764221191405,-0.01737371109548469,0.017713814661279415,-0.02638190954773867,-0.02638190954773867,0.0317715080044807,0.24666928532061738,3.514706551972427,3.49898220069202,13.049792684569493,28.900008890372213
2020-04-06 00:00:00-04:00,0.0,7650000.0,0.7489204294562358,58.89167176805079,3.5793380737304688,0.08196710725531031,0.025742164552323255,-0.19741935483870965,-0.19741935483870965,0.017282801308345697,0.03268835488902244,3.540122965533542,3.5777629807053404,12.829869747955327,28.680085953758045
2020-04-07 00:00:00-04:00,0.0,7650000.0,1.3268507953644273,63.909133675792226,3.580484390258789,0.00032025936212431994,0.0729120938889245,0.5385852090032155,0.5385852090032155,0.7716846051693447,0.08519815717752222,3.61049950027982,3.578083188795382,13.2607330466691,29.11094925247182
2020-04-08 00:00:00-04:00,0.0,7650000.0,1.473222439744976,64.5502333086561,3.6655200958251952,0.023749776928998267,-0.02144143865566528,1.0,1.0,0.11031507452979805,0.010031424242364917,3.5888248544210013,3.6015553270845277,14.133236751764432,29.98345295756715
2020-04-09 00:00:00-04:00,0.0,7650000.0,1.7417690159488215,69.99656988572218,3.677972412109375,0.0033971485515418287,0.02711759751001863,-0.517467248908297,-0.517467248908297,0.18228515189487116,0.08437361567732293,3.6155812846641417,3.604946718362121,13.404530269168,29.25474647497072
2020-04-13 00:00:00-04:00,0.0,7650000.0,1.7024566372103587,70.66096965105127,3.7061538696289062,0.007662226455735999,-0.016131724895916855,-0.4561085972850679,-0.4561085972850679,-0.02257037435991338,0.00949189033710951,3.59931802700916,3.6125797390533103,12.795524589751354,28.645740795554072
2020-04-14 00:00:00-04:00,0.0,7650000.0,1.539617313683351,67.96218017550373,3.853449249267578,0.039743460422872356,0.035883736710776715,0.5074875207986689,0.5074875207986689,-0.09564961595370536,-0.03819349619563828,3.6345729412968053,3.651553749107569,13.205968961259126,29.056185167061845
2020-04-15 00:00:00-04:00,0.0,7650000.0,1.1730292872918782,65.51072429571602,3.786272811889648,-0.017432807085936974,-0.0010812760273856137,0.3112582781456954,0.3112582781456954,-0.23810334109224496,-0.03607088344513287,3.63349108026876,3.6339672012647926,13.476956155138737,29.327172360941454
2020-04-16 00:00:00-04:00,0.0,7650000.0,0.7452556543059475,61.46549660949341,3.831003189086914,0.01181382837940359,0.009654698319744082,-0.5841750841750841,-0.5841750841750841,-0.36467429894569214,-0.06174909115586047,3.6430994698149233,3.645711791154632,12.599465172404068,28.449681378206787
2020-04-17 00:00:00-04:00,0.0,7650000.0,0.9716399868970366,71.05080472456426,3.885563278198242,0.014241723751822866,0.020539490004698457,0.4493927125506072,0.4493927125506072,0.30376734652475657,0.1559461591267839,3.6634308690558863,3.6598530542571344,12.970609822176792,28.82082602797951
2020-04-20 00:00:00-04:00,0.0,7650000.0,0.8054194737969854,65.46415529433216,3.8521396636962892,-0.00860199978970666,-0.013823443464099916,-0.40642458100558654,-0.40642458100558654,-0.17107212068420696,-0.0786289395579588,3.6495109920702773,3.651213843722351,12.449018824140563,28.299235029943283
2020-04-21 00:00:00-04:00,0.0,7650000.0,0.7432208019161255,59.77754621670251,3.6973060607910164,-0.040194182044973825,-0.012014979380183255,0.7811764705882354,0.7811764705882354,-0.07722518998409245,-0.08686599639241033,3.6374232494050993,3.6101895557786468,13.026292908653595,28.876509114456315
2020-04-22 00:00:00-04:00,0.0,7650000.0,0.418899406993588,72.58940363160357,3.832968521118164,0.03669224513648284,-0.002458239511625049,-0.24702774108322323,-0.24702774108322323,-0.4363728707355772,0.21432558252652534,3.634961983461913,3.646224666762383,12.742566016044742,28.59278222184746
2020-04-23 00:00:00-04:00,0.0,7650000.0,0.4111151588114535,71.21282705851714,3.831494140625,-0.00038465760546713135,0.0160384923290271,-0.05964912280701751,-0.05964912280701751,-0.018582619245039123,-0.018963877704143428,3.650873218051158,3.6458399351572024,12.68106381628695,28.531280022089668
2020-04-24 00:00:00-04:00,0.0,7650000.0,0.36532368733710874,76.6353412021679,3.8939186096191407,0.01629246103556814,-0.004722826945491754,0.013059701492537323,0.013059701492537323,-0.11138356368743318,0.07614518855142438,3.6461392033192697,3.662001098241059,12.694038975150082,28.5442551809528
2020-04-27 00:00:00-04:00,0.0,7650000.0,0.532473152186267,70.1389809541334,3.9258678436279295,0.008204905446627775,0.02800092371048013,-0.3609576427255985,-0.3609576427255985,0.4575379879348427,-0.08476977000593977,3.67375526890289,3.6701725264447407,12.246254435163005,28.096470640965723
2020-04-28 00:00:00-04:00,0.0,7650000.0,0.6741990855588211,65.43260119363131,3.864591217041016,-0.015608428257810947,0.006653895669174403,0.6051873198847262,0.6051873198847262,0.2661654071959225,-0.06710077187434149,3.6803871251197355,3.654441004120614,12.71949489514343,28.569711100946147
2020-04-29 00:00:00-04:00,0.0,7650000.0,0.7600389462903677,68.47408274201122,4.038430404663086,0.04498255516793637,-0.0021480773107229734,0.13824057450628358,0.13824057450628358,0.12732123577473686,0.04648266296764514,3.6782367373817024,3.6984411957788486,12.848978609653372,28.699194815456092
2020-04-30 00:00:00-04:00,0.0,7650000.0,0.9030163575893873,67.54732813413628,4.030565643310547,-0.0019474797296141766,0.022562683740100065,-0.443217665615142,-0.443217665615142,0.18811853260529632,-0.013534385139070237,3.7005486488287804,3.69649181724493,12.263397712149443,28.11361391795216
2020-05-01 00:00:00-04:00,0.0,7650000.0,0.7266030574474601,58.95455664411484,3.903749847412109,-0.03146352326723967,-0.025465738578608677,0.9291784702549575,0.9291784702549575,-0.19536002715705447,-0.12721112333204088,3.674753046125326,3.66452268352168,12.92049196136566,28.770708167168376
2020-05-04 00:00:00-04:00,0.0,7650000.0,0.6751173349584029,55.04231212892153,3.9550331115722654,0.013136923769373698,-0.015745034527977708,-0.5903083700440528,-0.5903083700440528,-0.07085811429135103,-0.0663603415561238,3.658882741883975,3.6775740662575718,12.028141437037512,27.878357642840232
2020-05-05 00:00:00-04:00,0.0,7650000.0,0.5220916149348294,61.238292147788755,4.009920501708984,0.013877858563590806,0.03178278079703212,1.0,1.0,-0.2266653692620737,0.11256758263269973,3.690170903064732,3.691356509105777,12.875439297424716,28.725655503227433
2020-05-06 00:00:00-04:00,0.0,7650000.0,0.5946695559335685,60.981253589048585,4.048096084594727,0.009520284222461095,0.010431562717146292,-0.07834101382488479,-0.07834101382488479,0.13901380317666812,-0.004197350215447648,3.700548432474558,3.700831761010435,12.793859310432293,28.644075516235013
2020-05-07 00:00:00-04:00,0.0,7650000.0,0.74212123556085,61.40351546917143,4.113470458984375,0.01614941271735959,0.012793595548602488,0.06666666666666665,0.06666666666666665,0.24795565563432587,0.006924453914451512,3.7132608813518755,3.716852159115679,12.858397831569864,28.708614037372584
2020-05-08 00:00:00-04:00,0.0,7650000.0,0.9057114484862538,65.45069933523496,4.1672107696533205,0.013064469820506242,0.012232122194929751,-0.4515625,-0.4515625,0.22043596798813114,0.06591127291556265,3.725418795673764,3.7298320248255465,12.257715878682012,28.10793208448473
2020-05-11 00:00:00-04:00,0.0,7650000.0,1.0108204180488685,77.82076972391826,4.192607116699219,0.006094327464989613,-0.0015401403384545098,0.13960113960113962,0.13960113960113962,0.11605127630691525,0.18899829206292318,3.723877468100016,3.735907856983178,12.388394202324129,28.238610408126846
2020-05-12 00:00:00-04:00,0.0,7650000.0,1.090357429352533,66.18651365585256,4.105441665649414,-0.020790274076152637,0.0159000251442325,0.7250000000000001,0.7250000000000001,0.07868560021491322,-0.14950065527930523,3.739652411966074,3.714898422230044,12.933621252807452,28.78383745861017
2020-05-13 00:00:00-04:00,0.0,7650000.0,0.6748310825373054,61.34972881911332,4.037610626220703,-0.016522227071513185,-0.024644671741906987,0.6347826086956523,0.6347826086956523,-0.3810918655013632,-0.07307810261602365,3.7146989768290046,3.6982381808506024,13.425131087274151,29.27534729307687
2020-05-14 00:00:00-04:00,0.0,7650000.0,0.6453624190135048,60.740482488837785,4.085943984985352,0.011970782534295621,-0.021315763720894942,-0.5806737588652482,-0.5806737588652482,-0.043668207180085794,-0.009930709426147044,3.6931527513532836,3.7101378802855587,12.556025043708079,28.4062412495108
2020-05-15 00:00:00-04:00,0.0,7650000.0,0.6748133355292903,60.711746325389875,4.117239379882813,0.0076592814322618,0.003263069005323249,0.44186046511627897,0.44186046511627897,0.04563469400775455,-0.00047309738530953993,3.6964105081019767,3.7177679783428528,12.921959313059608,28.772175518862326
2020-05-18 00:00:00-04:00,0.0,7650000.0,0.7285818597624901,68.47356228307615,4.204075622558594,0.021090889954096692,0.03764514332377078,0.08504398826979465,0.08504398826979465,0.07967910739497519,0.12784702182813423,3.733364368619533,3.738639534086401,13.003579841414362,28.85379604721708
